id,Domain,Status,Attractiveness,Demand,Length,Registrar,Created,Expires
baa7df03-278d-4c10-9c9a-bcbcddf221fe,sports.cloud,premium,110,100,6,,,
b15a8b0b-9be3-421d-a54c-cccfc60d5658,sports.online,premium,110,100,6,,,
28d3d9d4-4ff3-41e4-8934-06e4cca01a32,sports.site,premium,110,100,6,,,
0b8b5f32-2aac-42b2-9637-2c60c5ada0ad,sports.space,premium,110,100,6,,,
2fb22c9e-0b91-4416-93d0-92d3ba60d5ad,sports.store,resell,110,100,6,Dotserve Inc,23/12/2016 11:20,23/12/2029 23:59
9129fb7c-031d-4cfd-9946-87e7b5e339cf,sports.tech,premium,110,100,6,,,
05ae4f20-a089-437d-b717-7e8682a4c6f1,sports.zone,premium,110,100,6,,,
a61850cb-3875-4850-9a26-946ee04df0ab,training.cloud,premium,70,88,8,,,
4bd4842f-4644-49d3-bf94-28348c943153,training.dev,premium,70,88,8,,,
754e0bd1-23d9-464d-9d21-764318381a8f,training.it,expiring,70,88,8,,10/01/1997 00:00,29/07/2025 00:00
ccf86dfe-f40c-434c-834a-9afe6c5231bb,training.me,premium,70,88,8,,,
eb7fee7e-142b-40b6-93fc-23f2425fb109,training.online,premium,70,88,8,,,
31888faf-8bae-474f-82c1-925be09c2d9a,training.pro,resell,70,88,8,Porkbun LLC,02/03/2005 00:00,02/03/2026 00:00
760afe27-3b6d-4338-8a25-810a7c7794aa,training.site,premium,70,88,8,,,
5c59e59e-bfc0-45e3-af89-b4db938d67bc,training.so,resell,70,88,8,SOSTEC TECHNOLOGIES_LR,19/06/2024 05:42,19/06/2026 05:42
fad07601-443b-46bc-b6e3-2f0cd412c2f4,training.space,premium,70,88,8,,,
9e0b49c6-34a9-4e12-93bc-2e0b8d8dec02,training.store,premium,70,88,8,,,
18904504-415a-4914-be80-bb6b17e784fe,training.tech,premium,70,88,8,,,
6ecc77b7-6406-4a05-b0af-d9588fad3734,athletics.ac,premium,69,10,9,,,
234b10b6-bff5-4ae3-910f-aba0407bb000,athletics.accountant,premium,69,10,9,,,
0e05a761-d05e-4c29-a354-259006facdc1,athletics.accountants,premium,69,10,9,,,
f5947e2e-4a4d-4b68-b31a-f47cad4ed8c2,athletics.actor,premium,69,10,9,,,
2e994291-1035-43ec-a4fb-abb3ebae3eab,athletics.adult,available,69,10,9,,,
a6a3386f-04e6-4ef1-8c6d-1c57c5ab0ea5,athletics.ag,available,69,10,9,,,
57f80a75-99dc-4ea6-9d9d-7cba202f0fcc,athletics.airforce,premium,69,10,9,,,
2f4ed988-97b5-4fa4-845e-f3b82100f23e,athletics.apartments,premium,69,10,9,,,
68c7c5dd-5c78-4662-8412-c64fa57d8ba5,athletics.archi,premium,69,10,9,,,
d5c8758b-8c3a-4a8a-8bda-06f9ac500acc,athletics.army,premium,69,10,9,,,
898f7758-8235-4be2-8a4e-549d83c457d1,athletics.art,premium,69,10,9,,,
3a0cc1cc-4d9f-4b52-ab80-5c9a2c86360c,athletics.associates,premium,69,10,9,,,
6b142ea7-65a1-4453-8e2e-c37c310a343f,athletics.at,available,69,10,9,,,
c6dab4c9-f674-4823-8142-f2c71bacd33e,athletics.attorney,premium,69,10,9,,,
da3143d8-88a3-4f7c-b08c-e78efe38323c,athletics.auto,available,69,10,9,,,
b40173d0-90d8-48e8-a12c-2f6f0d688b58,athletics.autos,available,69,10,9,,,
7df4a3fd-4976-4798-95e2-a2db465e103c,athletics.baby,available,69,10,9,,,
36e59d85-b01f-4a7f-bca5-20e891ff6bac,athletics.band,premium,69,10,9,,,
e9ccf07d-0a93-467d-9edc-780c64365d01,athletics.bar,premium,69,10,9,,,
6b7d99e3-9b27-483d-b206-02ae4859f580,athletics.bargains,premium,69,10,9,,,
cd9a2f3f-5bab-4bc5-be91-8b2c88b0d738,athletics.bayern,available,69,10,9,,,
3cf857bf-b083-4240-8fde-59ee66744c63,athletics.beauty,available,69,10,9,,,
f315d932-0b9f-4038-9c5f-23309edeed3e,athletics.beer,available,69,10,9,,,
709adb17-97a2-4dab-8241-af862fe034ef,athletics.berlin,available,69,10,9,,,
7ec8e017-035a-49d4-a86c-a612355a272c,athletics.best,available,69,10,9,,,
ed34e3ed-3319-424b-9564-fe14a902f6fb,athletics.bet,premium,69,10,9,,,
42914e99-3741-44bc-a6cf-04a011d1e89f,athletics.bid,premium,69,10,9,,,
1860e091-2ce7-4ab2-a8b0-28e85399ea96,athletics.bike,premium,69,10,9,,,
bd22476a-c503-45f7-96c8-e879d629d028,athletics.bingo,premium,69,10,9,,,
5436e0b7-9ad4-49c2-9c0d-9fc20322606f,athletics.bio,premium,69,10,9,,,
1799ff2d-8266-4245-811c-3439ae770527,athletics.biz,premium,69,10,9,,,
dc27b83f-4b9d-43c2-9220-9e499bfa7cd8,athletics.black,premium,69,10,9,,,
2778712f-acf1-47a0-b025-525b199764e8,athletics.blackfriday,available,69,10,9,,,
68621cea-7f2e-487a-b581-746310eb9255,athletics.blog,premium,69,10,9,,,
13419491-6e3a-489d-8831-0bf967906da9,athletics.blue,premium,69,10,9,,,
8519b55b-5554-4bea-bf2f-094ca94024a4,athletics.boats,available,69,10,9,,,
b543b353-80b8-47f0-bf23-04eb28846c5b,athletics.bond,premium,69,10,9,,,
bcfa060f-6c63-4f28-8577-053ee3b623b2,athletics.boo,premium,69,10,9,,,
a894c733-4c22-4653-b127-ea458c965633,athletics.boston,available,69,10,9,,,
597bb67e-8ea9-4b12-8e3d-a12d6c59f713,athletics.bot,premium,69,10,9,,,
8049ae5c-1eb7-4cd8-92bb-afcc35860340,athletics.boutique,premium,69,10,9,,,
957bd202-c8f6-4527-a40d-e10be8b72527,athletics.build,available,69,10,9,,,
547bd4fb-7deb-4380-8bc9-584158533dfd,athletics.builders,premium,69,10,9,,,
dbbcefdc-53a7-48aa-a8ab-388d9e86a51b,athletics.business,premium,69,10,9,,,
abe3544f-0f73-4b73-aced-5048a8d2c67e,athletics.buzz,premium,69,10,9,,,
616806c3-7771-4f84-97b7-34b632dbe7a7,athletics.bz,available,69,10,9,,,
cf261326-4739-4da6-a757-2cf59d374d02,athletics.cab,premium,69,10,9,,,
2b6f99d1-4ae5-414c-9746-f79b6b3c0939,athletics.cafe,premium,69,10,9,,,
4aadc56e-9219-478f-b90b-2d710d9d1edc,athletics.cam,available,69,10,9,,,
5411193d-69b3-49fd-92e9-838c2b1e29f1,athletics.camera,premium,69,10,9,,,
7e293944-4ece-4f5a-9405-36342c209eda,athletics.camp,premium,69,10,9,,,
34eb9f1d-a098-4cc0-929f-bc84060aa581,athletics.capital,premium,69,10,9,,,
bcb42bcf-1356-48d1-b61b-8a882073a379,athletics.car,available,69,10,9,,,
81924caa-56e2-46d2-8a2e-d1285efb3049,athletics.cards,premium,69,10,9,,,
46b857fb-3e0b-4c8c-9845-bd94ef5c840f,athletics.care,premium,69,10,9,,,
cf97471e-4a8f-4bf3-a98d-a903db99ba4a,athletics.careers,premium,69,10,9,,,
f663ce64-b4de-4fbe-a440-ea89995f80e6,athletics.cars,available,69,10,9,,,
dd0aab4f-b94b-42dd-a03b-06e53896ca80,athletics.casa,available,69,10,9,,,
783fde38-0fa0-485f-b89f-e8af6a0fb924,athletics.cash,premium,69,10,9,,,
b0b85607-db4f-4317-b73d-dec73989c97f,athletics.casino,premium,69,10,9,,,
3dc8fd66-6e1a-41e1-9d75-82659c860328,athletics.catering,premium,69,10,9,,,
87cdc582-8b02-4c1d-9dec-f8d0426c1b56,athletics.center,premium,69,10,9,,,
8ee209be-3ccf-44a1-84df-f8d96611613a,athletics.ceo,premium,69,10,9,,,
ee6343b8-8b7d-4496-b1fb-f7eba7447f53,athletics.cfd,premium,69,10,9,,,
39dad08c-fa2a-4a3c-a879-a0355f4a8ccb,athletics.charity,available,69,10,9,,,
26413d23-b364-4a4e-8e2d-f8a0fccddf3d,athletics.chat,premium,69,10,9,,,
d27104f3-2b64-45dd-ad09-832a78a14ee9,athletics.cheap,premium,69,10,9,,,
346c0a60-40c2-4834-8f29-8679899478fc,athletics.christmas,available,69,10,9,,,
1e677532-95c5-4da0-a7be-5a1af676b975,athletics.church,premium,69,10,9,,,
533e4eed-e2f1-43f2-aec4-a8401150f6ea,athletics.city,premium,69,10,9,,,
dfd5e39a-a36a-41dc-aceb-bc68da5f5619,athletics.claims,premium,69,10,9,,,
c186ef21-e15b-4b0f-b31c-6e0c7fbd7f6a,athletics.cleaning,premium,69,10,9,,,
bba2cce5-9979-4343-a612-fa987ce0323b,athletics.click,premium,69,10,9,,,
be9d43cd-4a23-4eca-94cd-4a18ae8db047,athletics.clinic,premium,69,10,9,,,
d7185fda-b86c-4cfe-8820-7a45b8551993,athletics.cloud,premium,69,10,9,,,
5d467ebe-454c-407c-8f01-9b2c3090df8f,athletics.codes,premium,69,10,9,,,
ef6443e6-cd6f-465b-b43e-8c5ab5b62b56,athletics.coffee,premium,69,10,9,,,
cc5c514b-4e67-4bb4-b184-66d084fdbc12,athletics.college,premium,69,10,9,,,
2f19f297-cb5a-4e18-a662-e03be8131c8e,athletics.community,premium,69,10,9,,,
ea063687-3a04-4224-91d8-a5dcd158900e,athletics.company,premium,69,10,9,,,
776b817f-e358-4860-b3e6-0081f76afce0,athletics.computer,premium,69,10,9,,,
d7eb1ad9-4bf4-4958-a2d3-1641155550cd,athletics.condos,premium,69,10,9,,,
b55c99ab-b548-40e9-ae8d-0942e87eb913,athletics.construction,premium,69,10,9,,,
a29cad1c-44bf-4145-9762-b662360643a3,athletics.consulting,premium,69,10,9,,,
ffbc7c77-52df-480b-b30b-071382409286,athletics.contact,premium,69,10,9,,,
fc8f2d00-3f61-4487-a302-d7dc97dc8758,athletics.contractors,premium,69,10,9,,,
0192c2ec-477b-4c0b-a3ce-1a5f746e50ae,athletics.cooking,available,69,10,9,,,
7d911fa4-fd12-47e1-be58-7ffaf8830145,athletics.cool,premium,69,10,9,,,
c9811a4f-ff05-4053-b059-5b0b0200dd3d,athletics.country,available,69,10,9,,,
a0578eea-a59d-4bb2-bc44-654443987b13,athletics.coupons,premium,69,10,9,,,
e823dfa4-a875-4d4f-ac7d-f77764012123,athletics.courses,premium,69,10,9,,,
c4927fa4-8104-458e-a93f-9e3920aa01f0,athletics.credit,premium,69,10,9,,,
7005f0bd-ddc4-40df-b48e-fcb0eae55eef,athletics.creditcard,premium,69,10,9,,,
0385cc30-13a1-4f19-b59b-98a9e19febc3,athletics.cricket,premium,69,10,9,,,
6f9943be-8df0-41b9-aff3-79d009c97340,athletics.cruises,premium,69,10,9,,,
154aa67b-6d64-4bc0-b977-8b154a445175,athletics.cv,available,69,10,9,,,
04df1f47-c6b4-4e2f-b16b-61ca02e42162,athletics.cx,available,69,10,9,,,
f21afb78-ebc8-4651-bf87-e259751955d8,athletics.cyou,premium,69,10,9,,,
f0f5a6e7-e667-4481-81bd-b61b73de6b62,athletics.dad,premium,69,10,9,,,
4a44161b-9077-4086-9d27-67551d16ed8a,athletics.dance,premium,69,10,9,,,
13af9cb0-e624-4379-bdab-7cd58291bd30,athletics.date,premium,69,10,9,,,
d0b9baab-c760-4732-bf78-613c41b3b305,athletics.dating,premium,69,10,9,,,
0af198d6-1832-4b75-873e-f4a85946df02,athletics.day,premium,69,10,9,,,
7f0975f0-75e1-4381-8f93-f2bbe1e38f2f,athletics.de,resell,69,10,9,,,
acafb7ee-e797-44b1-83ee-4f4a0aad46e1,athletics.deal,premium,69,10,9,,,
b4e7c375-0073-4369-ba6a-fba277d9137b,athletics.dealer,premium,69,10,9,,,
26464ce9-8959-40b0-a119-ef474c170eec,athletics.deals,premium,69,10,9,,,
a2e3655c-d323-4249-979f-2ab73d302cf7,athletics.degree,premium,69,10,9,,,
fd894c0a-e7be-48be-9c17-7e02cd860011,athletics.delivery,premium,69,10,9,,,
833fdf16-2eb0-47a7-9276-75356f07dd9e,athletics.democrat,premium,69,10,9,,,
7551408f-3180-47a5-862a-2a6da53ed9e1,athletics.dental,premium,69,10,9,,,
eacdf354-6a7e-4837-a926-0f5cbc223069,athletics.dentist,premium,69,10,9,,,
01778053-48e0-4302-82ee-d718f133fc8f,athletics.dev,expiring,69,10,9,"GoDaddy.com, LLC",30/12/2020 18:54,30/12/2025 18:54
9b323406-8562-40ee-85a3-132d8def7ee7,athletics.diamonds,premium,69,10,9,,,
3b4c3faa-aa6f-4a38-82f2-9ec110a28cdc,athletics.diet,available,69,10,9,,,
fbb625b8-067c-4888-942e-c51e2a24318a,athletics.digital,premium,69,10,9,,,
37362b93-3b02-44ba-b7c8-9c4f4d4dd392,athletics.direct,premium,69,10,9,,,
e18e6ea7-d542-4fac-b263-d3e882f82fb5,athletics.directory,premium,69,10,9,,,
34169edc-ac87-4276-a809-fe8b7fc1e4f6,athletics.discount,premium,69,10,9,,,
a94c32a5-0d97-4d5a-b6da-9db77be8837c,athletics.diy,premium,69,10,9,,,
1a1f76c4-5e6c-4453-843d-a14ef99f9fa2,athletics.doctor,premium,69,10,9,,,
e7da21d4-fa96-4938-8cb1-a1aaf0219d95,athletics.dog,premium,69,10,9,,,
362a65f5-3346-4787-994f-a58d76da7792,athletics.domains,premium,69,10,9,,,
d09b9b4f-a4bc-439d-979c-144cc189d9f5,athletics.download,premium,69,10,9,,,
f7248594-60eb-490f-9ced-b52d715aabad,athletics.education,premium,69,10,9,,,
e8b8131b-341e-437b-a5be-ee29d839688b,athletics.email,premium,69,10,9,,,
d8172b1b-b2a7-4a63-815f-cbea1aa02839,athletics.energy,premium,69,10,9,,,
c28aa51c-2a2c-40b1-b109-10fd1ecdb892,athletics.engineer,premium,69,10,9,,,
00beaad8-11e4-444f-86dd-f1cc6a933016,athletics.engineering,premium,69,10,9,,,
ea6295df-ecf6-453a-9698-de88c6bac764,athletics.enterprises,premium,69,10,9,,,
366cea10-bc8d-49f5-9b16-8eec52b0b040,athletics.equipment,premium,69,10,9,,,
dbcafce4-fca9-4dbe-b0b1-5c296ee0a51a,athletics.esq,premium,69,10,9,,,
583d399f-feae-4e2f-ab1b-bd3519a54faa,athletics.estate,premium,69,10,9,,,
7e200aae-c3b6-44ed-af8c-3e49d2f02c57,athletics.events,premium,69,10,9,,,
016ee74b-ac8d-49ba-8d00-41a81a6d844f,athletics.exchange,premium,69,10,9,,,
86aa4186-d343-41fb-a5e3-b19685639e0d,athletics.expert,premium,69,10,9,,,
0d55d658-0622-41fa-a3fe-ff8493779a0b,athletics.exposed,premium,69,10,9,,,
12c71cf3-103a-4ea9-89c8-f57251648d0e,athletics.express,premium,69,10,9,,,
f388f028-f480-4a95-8db5-c8520dc3b651,athletics.fail,premium,69,10,9,,,
2d6f79af-6034-44b3-9beb-b0d20d8cc347,athletics.faith,premium,69,10,9,,,
fd074bda-8df4-4874-82ca-2f3ecd4462f4,athletics.family,premium,69,10,9,,,
a88150b2-f7f2-4ee5-8203-a8ceb617ddb3,athletics.fan,premium,69,10,9,,,
3e5027a9-2fc9-45bb-9a04-206eef83376c,athletics.fans,premium,69,10,9,,,
ac26e914-c5d5-4289-a67b-38b2e7247c4f,athletics.farm,premium,69,10,9,,,
ae9b6e9a-3e07-4341-b2f4-a80aeeeac6b6,athletics.fashion,available,69,10,9,,,
47982e2a-819d-4240-8bbd-1e2c3dbd1d98,athletics.fast,premium,69,10,9,,,
c6b5bfd3-2883-44c5-92f6-1155d02e1904,athletics.feedback,available,69,10,9,,,
7667b420-8ac0-4377-a8a1-c605358592ac,athletics.film,premium,69,10,9,,,
50c7b19d-277b-468e-ab7e-68435834efa3,athletics.finance,premium,69,10,9,,,
4782846c-258f-4d09-af7f-d8b7ec12ebdc,athletics.financial,premium,69,10,9,,,
5b9e29b5-0c4d-49da-9cad-ad7644c25292,athletics.fish,premium,69,10,9,,,
0bf85246-d351-468c-9ecf-363b5570dbb6,athletics.fishing,premium,69,10,9,,,
5c861faa-e6ad-42cb-9cb4-129abf566f72,athletics.fit,available,69,10,9,,,
da3e83ad-b56f-46be-8164-4d1ebf4968c9,athletics.fitness,premium,69,10,9,,,
567dbdd4-1abf-48ca-9f03-1f5402b7e676,athletics.flights,premium,69,10,9,,,
3098c459-5d40-47e1-9c22-11a856e2b723,athletics.florist,premium,69,10,9,,,
38349b12-2fe2-4021-9578-26f2a457cbc5,athletics.flowers,available,69,10,9,,,
adffaee4-b3e0-43f1-8744-6c8af4c03a83,athletics.foo,available,69,10,9,,,
1367cbb5-62f0-41cf-939a-28dc0de43045,athletics.food,premium,69,10,9,,,
61dc975a-d9e4-4225-ad4c-f74351542387,athletics.football,premium,69,10,9,,,
742585b5-663b-40dd-b4cc-f3a79ec8dfc8,athletics.forsale,premium,69,10,9,,,
fbce0fe8-7b21-4ee8-a618-0373dd728daa,athletics.forum,premium,69,10,9,,,
e3e2c470-9c7c-4e95-81d8-dac5b2a13361,athletics.foundation,premium,69,10,9,,,
3070202a-7a24-42d8-806d-4b4f20970938,athletics.free,premium,69,10,9,,,
18044b7d-1df7-41fd-bbea-ecabfce25a6b,athletics.fun,premium,69,10,9,,,
c0c60dcb-d3ba-4636-8043-57c39e89f253,athletics.fund,premium,69,10,9,,,
778ce80d-940d-4508-a15f-a0009eb7b1f5,athletics.furniture,premium,69,10,9,,,
2341f564-e9bd-403c-97db-710765d78ad1,athletics.futbol,premium,69,10,9,,,
b1de48c1-cc4c-4476-bdfc-bde8ff6497f2,athletics.fyi,premium,69,10,9,,,
52371283-675e-4cb0-9113-36d3dd08bb40,athletics.gallery,premium,69,10,9,,,
18349b3f-26bd-44b2-b8a9-1a3fb466be19,athletics.game,available,69,10,9,,,
9c3a0fc0-4834-4c6e-875c-dd0b2457b1f4,athletics.games,premium,69,10,9,,,
09281f2d-684b-4489-9c3b-1e5b5b2a5ea7,athletics.garden,available,69,10,9,,,
2a1800d6-ece8-4787-a135-c4cb4ae4687f,athletics.gay,available,69,10,9,,,
0630a735-41c3-4670-8b61-c5cd1d48acb6,athletics.gg,resell,69,10,9,Porkbun LLC (https://porkbun.com/),,
107ce4a7-b8fd-4816-af81-2a452984e544,athletics.gift,available,69,10,9,,,
a5ca967b-1cf3-44a1-a4bb-16fc8d9390c4,athletics.gifts,premium,69,10,9,,,
e95337f9-081e-4c69-b1b8-269b538082d4,athletics.gives,expired,69,10,9,Porkbun LLC,13/10/2024 16:34,13/10/2025 16:34
8dfec285-74f5-4268-8403-51dff73d3a96,athletics.giving,available,69,10,9,,,
096beac7-6f5f-46c9-85ba-e84d52165fd3,athletics.glass,premium,69,10,9,,,
82228ea8-11db-4b9e-ad50-73529624dfd7,athletics.global,premium,69,10,9,,,
3c7711f8-2895-436b-baa6-2bbe55aa28f2,athletics.gmbh,premium,69,10,9,,,
2e5cc4f6-ee80-4a4d-8fe3-df66b8a61aa6,athletics.gold,premium,69,10,9,,,
098d8430-cafd-48f2-90cb-0cfd9059c983,athletics.golf,premium,69,10,9,,,
e60586f7-a2b4-4d32-89ac-3eccd4cc8ffa,athletics.graphics,premium,69,10,9,,,
2b227e5f-5b9c-4ce6-ad29-84a6f0bcbbb1,athletics.gratis,premium,69,10,9,,,
4b3fb858-b304-40a7-abc7-9278bd86d5b3,athletics.green,premium,69,10,9,,,
5dee5704-fee9-49fb-b075-0ee7f5974d6b,athletics.gripe,premium,69,10,9,,,
11facf7f-26de-48c8-b4d1-dcb67b205611,athletics.group,premium,69,10,9,,,
b5272b7e-986e-4eaf-a5b2-89c43c7830ed,athletics.guide,premium,69,10,9,,,
577b651b-ad4d-4af6-a823-e2503a422f16,athletics.guitars,available,69,10,9,,,
1fcf993a-3db9-4719-b002-9b8ab1a237ea,athletics.guru,premium,69,10,9,,,
547ba5db-ac54-429f-b071-857d4ca2269a,athletics.hair,available,69,10,9,,,
3915a567-2853-4bac-8088-08b507d7fee2,athletics.haus,premium,69,10,9,,,
209dd1f8-769a-41ad-9b25-5f562224ec45,athletics.health,expiring,69,10,9,"GoDaddy.com, LLC",30/12/2020 18:54,30/12/2025 18:54
aa0ef802-4bf6-4e08-b5be-00ab71287f7b,athletics.healthcare,premium,69,10,9,,,
28eb4dee-e1db-41cb-80a4-8d5a31e59c7e,athletics.help,premium,69,10,9,,,
ac81f328-e5c6-4217-8dbf-81fc38c8b6db,athletics.hiphop,available,69,10,9,,,
6b836132-905d-414c-8592-a52bc4bf04b7,athletics.hiv,available,69,10,9,,,
b3c96fbc-995c-4923-a716-f4d3935eef10,athletics.hockey,premium,69,10,9,,,
91ad8cf1-6355-4cb3-8381-d55b172f412b,athletics.holdings,premium,69,10,9,,,
c0121296-d369-45fb-8aa5-f6a3652dd48f,athletics.holiday,premium,69,10,9,,,
fadf2087-4741-44e3-9a15-375a4f110258,athletics.homes,available,69,10,9,,,
68747085-32dc-463f-b74f-dcd1aaf236fd,athletics.horse,available,69,10,9,,,
b35f485b-55d5-42c1-9895-3e1d065df7b0,athletics.hospital,premium,69,10,9,,,
7d213336-8c5c-404d-b235-e11b456339ac,athletics.host,available,69,10,9,,,
62c29d2f-251d-402a-9dad-7e8435bdedf6,athletics.hosting,available,69,10,9,,,
01eb78b0-17b3-472b-a323-15a450c85bf0,athletics.hot,premium,69,10,9,,,
e788ea6c-2f54-4566-990e-73170236b237,athletics.house,premium,69,10,9,,,
3636f293-f3bd-42a6-a945-551bd8ee5b98,athletics.how,premium,69,10,9,,,
ee49b01e-b3a4-40d5-9830-5677db418580,athletics.icu,premium,69,10,9,,,
2ca2e8b3-f050-4826-858b-013b83028cfe,athletics.id,available,69,10,9,,,
ef0e3a84-3438-4ea8-a0ec-24bbd62e24bb,athletics.im,premium,69,10,9,,,
13c4b6ba-48a0-4866-9920-c831e3ecd9ee,athletics.immo,premium,69,10,9,,,
5cbba74c-7208-4a4d-99e7-e9f2247f9854,athletics.immobilien,premium,69,10,9,,,
f69ea212-5450-460e-87e6-ad1105da4384,athletics.in,resell,69,10,9,InterNetX GmbH,16/02/2005 22:31,16/02/2026 22:31
2a1aeef8-cdc9-4f32-acf7-d07bc8ee99c6,athletics.inc,premium,69,10,9,,,
0b6eb151-aa52-4ac4-8640-25ff5addb4c0,athletics.industries,premium,69,10,9,,,
a092b97c-bc34-4616-b1e9-df2808fc21d4,athletics.ing,premium,69,10,9,,,
1a7e9c4c-28df-4754-87d6-292abd52143d,athletics.institute,premium,69,10,9,,,
6dff37ab-49a7-4726-a886-7497dec1f8d3,athletics.insure,premium,69,10,9,,,
86518ad0-e6bd-4ddb-8f7d-f5d136db55df,athletics.international,premium,69,10,9,,,
aba8c2f1-160e-4775-be66-161a0d2bf202,athletics.investments,premium,69,10,9,,,
82276f04-f07e-4ef9-a4ef-af9af994b562,athletics.io,expiring,69,10,9,"GoDaddy.com, LLC",06/01/2014 16:14,06/01/2026 16:14
60245033-ccee-427a-b10a-81865ad6bd50,athletics.irish,premium,69,10,9,,,
5d59698d-a664-4821-aea7-d55c6372d89f,athletics.it,resell,69,10,9,,02/12/2024 16:01,03/05/2026 00:00
3268deb5-6e8f-4237-ad3a-20a91b3bb365,athletics.jetzt,premium,69,10,9,,,
e5c64963-9919-4f87-88c4-aa402c860d04,athletics.jewelry,premium,69,10,9,,,
0607356c-5fec-4311-8531-0d48e7f39b27,athletics.juegos,premium,69,10,9,,,
df8ce71e-26a3-4b60-af8b-2c50c5b3c64f,athletics.kaufen,premium,69,10,9,,,
76754b2b-e9ef-4f8d-a6da-200eb7be32e3,athletics.kids,premium,69,10,9,,,
ed2c4e07-a96d-404e-b329-26e66f258113,athletics.kim,premium,69,10,9,,,
5e65f22b-3d1e-4d18-9328-ad8427481635,athletics.kitchen,premium,69,10,9,,,
4c6e5b44-c019-4744-9f18-df6437ca48ec,athletics.la,available,69,10,9,,,
5f26c933-b42c-45af-a8dc-5f3913b3f723,athletics.land,premium,69,10,9,,,
c465182b-76cb-4d59-9478-e187a921eacd,athletics.lat,available,69,10,9,,,
a9e900c1-7a2b-4d27-b7b6-b86e692f1657,athletics.law,available,69,10,9,,,
8282674e-bb1f-4b5c-a7ec-903c7afc7b42,athletics.lawyer,premium,69,10,9,,,
a6e7bff7-5124-43f3-8d9d-e05d279270d7,athletics.lease,premium,69,10,9,,,
047b9345-4d33-429e-bd83-6337089010b7,athletics.legal,premium,69,10,9,,,
a08a9160-e4cf-4b0d-849f-0e8934fa9576,athletics.lgbt,premium,69,10,9,,,
cc8a8825-4c6f-4fe3-aa68-02a41e137a24,athletics.life,resell,69,10,9,"Spaceship, Inc.",08/05/2024 15:15,08/05/2026 15:15
8b8404a2-6224-454e-a7b9-1f36e9cf8978,athletics.lifestyle,premium,69,10,9,,,
53122005-518a-4dc9-a3b5-c8e350cc3c17,athletics.lighting,premium,69,10,9,,,
25fecb39-0def-4334-b35d-4d3c9a840b48,athletics.limited,premium,69,10,9,,,
ff172ef5-620b-4bc7-8734-09c11bf6f5cd,athletics.limo,premium,69,10,9,,,
3d740b42-7ba2-4949-b510-8afea1edd3d8,athletics.live,premium,69,10,9,,,
cea6ae5f-4432-42f0-8478-86c3c57c2383,athletics.living,premium,69,10,9,,,
5af0f267-328c-4765-8b24-0b754d438ea0,athletics.llc,premium,69,10,9,,,
efb38407-043a-4214-9b49-1898f675c2bb,athletics.loan,premium,69,10,9,,,
1c6a0b8a-d653-475b-8ae0-8712e6c36ada,athletics.loans,premium,69,10,9,,,
2a0c635c-73f9-47e9-ab38-1262be12c5bc,athletics.locker,premium,69,10,9,,,
6fda6037-33c6-4316-a28c-02366460bfa3,athletics.lol,resell,69,10,9,Dynadot LLC,01/03/2025 17:53,01/03/2026 23:59
ce2aca0d-fefa-4cd5-9f72-219da00560be,athletics.london,premium,69,10,9,,,
bf47b6aa-deb8-4f09-b6d5-3436794e8527,athletics.ltd,premium,69,10,9,,,
509fc7bb-de05-4e75-8830-0381e10225b2,athletics.ltda,premium,69,10,9,,,
65c8b369-73cb-4c9b-9170-c9f29f3491bb,athletics.luxe,available,69,10,9,,,
db8afb3d-d3f6-45c5-b9e2-82ac1ddc1ffd,athletics.luxury,available,69,10,9,,,
15232c66-a51f-4741-bd28-fe06be99592c,athletics.maison,premium,69,10,9,,,
73260ebf-f423-468e-acef-d5ed3aead1f4,athletics.makeup,available,69,10,9,,,
9e0b65c9-5bb6-425f-b927-02b7ced9fe2c,athletics.management,premium,69,10,9,,,
2028856d-ca08-491b-bf67-a88456509225,athletics.market,premium,69,10,9,,,
069ec82f-9c0c-4ac0-a9cf-dfdb4c3de94f,athletics.marketing,premium,69,10,9,,,
c54c8a25-e135-46ab-9796-7d063d9cad35,athletics.mba,premium,69,10,9,,,
370c67b1-e4fe-46a6-be3a-19dc77d21f0a,athletics.me,resell,69,10,9,Dynadot Inc,09/07/2008 17:01,09/07/2026 17:01
efe1e457-8c41-4d20-a624-98eadf4fbd8f,athletics.media,premium,69,10,9,,,
4ffd0d73-95b2-4c47-8c3a-cf09776fd62a,athletics.meme,available,69,10,9,,,
c2d54f43-04c1-4289-a724-ae5bd6cf42a6,athletics.memorial,premium,69,10,9,,,
86765168-64a0-408b-acd2-e88cbb5e94a7,athletics.men,premium,69,10,9,,,
ec5acc06-c414-45a5-91da-db6860af442d,athletics.menu,available,69,10,9,,,
b4403ff3-399c-40cc-bf36-6fce36413b4d,athletics.miami,premium,69,10,9,,,
a27784bf-80f1-49b1-8012-288f102566ff,athletics.moda,premium,69,10,9,,,
25b6262c-6ff5-4625-80db-e8ce7f7af52e,athletics.moe,available,69,10,9,,,
3858099b-e4a8-4c73-924f-416f9bc7e420,athletics.mom,available,69,10,9,,,
b152bafe-3fbb-4762-95c5-7d8181179fb5,athletics.money,premium,69,10,9,,,
131f25f5-c666-4665-8ed7-520ee117fafa,athletics.monster,available,69,10,9,,,
1938abf2-ec74-463c-a56b-5988293fd252,athletics.mortgage,premium,69,10,9,,,
fb289e53-399a-4031-8b36-cbb00257b375,athletics.motorcycles,available,69,10,9,,,
e936b2e1-b504-4c76-ac4f-abf89b16f439,athletics.mov,available,69,10,9,,,
be11d9e2-4f69-4c83-96d7-b91cbd5db8f6,athletics.movie,premium,69,10,9,,,
6c63ee4e-5b80-4c79-b9fb-84fc79ae95ad,athletics.music,available,69,10,9,,,
93791b22-6455-497d-b17b-f5584b7d949a,athletics.mx,sold,69,10,9,GoDaddy.com,27/10/2025 00:00,27/10/2026 00:00
927a9a27-6c4c-4da0-9e8d-a2b0f7a120e5,athletics.name,available,69,10,9,,,
6ee58b9c-8695-49b5-8864-a58b37659431,athletics.navy,premium,69,10,9,,,
7475cf25-aea4-492b-9cd7-63329c3b7614,athletics.network,premium,69,10,9,,,
31aaebef-adc9-4515-9a78-b309a253361d,athletics.news,premium,69,10,9,,,
12d77036-1bcf-4844-a14a-d5a42d198b15,athletics.nexus,available,69,10,9,,,
cdf2b152-75f6-4bdb-9351-4523803b673b,athletics.ngo,available,69,10,9,,,
4cad2f61-0976-43d1-81ff-2adc03350e5a,athletics.ninja,premium,69,10,9,,,
3ab6eab1-0a94-4755-81d0-b0d9581fdc5c,athletics.now,premium,69,10,9,,,
cdda7835-2f18-45ff-a358-af62dd6f2024,athletics.observer,available,69,10,9,,,
1b5980b3-cad7-4766-8a5f-350cf7514ab2,athletics.ong,available,69,10,9,,,
620a5e73-e848-422a-833c-a43d276b2a20,athletics.onl,available,69,10,9,,,
886dfea1-f49c-49ea-9f8b-e15c536a7d67,athletics.online,premium,69,10,9,,,
d2ac05de-b050-480d-a123-2143ecfedbcd,athletics.ooo,available,69,10,9,,,
d45877f7-7fc4-4773-88ec-481c0c266cb4,athletics.org,resell,69,10,9,"GoDaddy.com, LLC",02/03/2000 11:57,02/03/2033 11:57
0dc2a9c4-e975-4f56-9c3f-72d8e8f23a25,athletics.organic,premium,69,10,9,,,
3e8bd352-25d2-470b-8ebd-bf92d77161e8,athletics.osaka,available,69,10,9,,,
656cf3ff-d777-416a-9550-442eb6b02411,athletics.page,premium,69,10,9,,,
f9a46266-4b60-46ad-88ec-727ace05cfd1,athletics.partners,premium,69,10,9,,,
6a334c4f-1cdd-44f6-8066-50379d4403d4,athletics.parts,premium,69,10,9,,,
4993d871-c473-48af-a5b9-94e7fc2d23ba,athletics.party,premium,69,10,9,,,
4f935b31-d88a-43ca-8946-3b8893fb2001,athletics.pet,premium,69,10,9,,,
e87615c6-2b40-4a12-9df8-5e8af72ab5ea,athletics.phd,premium,69,10,9,,,
8f4a2eb5-5df5-4c10-9dec-3d6e9d557785,athletics.photo,available,69,10,9,,,
763ea4f8-6205-4a37-a79d-3dc7ae347afb,athletics.photography,premium,69,10,9,,,
0f28a622-04d3-43d1-9313-6fe229123c14,athletics.photos,premium,69,10,9,,,
473b0948-27ae-4b8f-b99b-86c85bdee537,athletics.pics,available,69,10,9,,,
3068ac6e-0f14-4537-ab82-8a3411e51c45,athletics.pictures,premium,69,10,9,,,
4894f6c8-1cbc-4293-a79b-dc57645f7a31,athletics.pink,premium,69,10,9,,,
d4def88b-5d73-4c8d-bfd5-8194eaaf1b23,athletics.pizza,premium,69,10,9,,,
3fa26732-ec8e-4f61-a95e-73cf461e3cca,athletics.place,premium,69,10,9,,,
029a8fcf-8c7e-4871-baf8-f0662259ce6f,athletics.plumbing,premium,69,10,9,,,
cdf39375-a00a-453b-ab98-277ac25fa0dd,athletics.plus,premium,69,10,9,,,
19c2b519-5426-45d8-b041-6ab65f9bd316,athletics.poker,premium,69,10,9,,,
f228d082-4ddb-467f-b3ea-be99b2ec3662,athletics.porn,available,69,10,9,,,
2b111e0b-2af4-4280-8a93-48e7a7df01ac,athletics.pro,premium,69,10,9,,,
654d3b6b-dc61-4c17-9820-c7772262ad95,athletics.productions,premium,69,10,9,,,
9f62eabb-aff7-4669-9b84-80ca9ca2976b,athletics.prof,premium,69,10,9,,,
11d42765-52b6-4107-8c11-b51d99310d6b,athletics.promo,premium,69,10,9,,,
f2e47859-37d0-4048-8c8a-5c63a0491ef3,athletics.properties,premium,69,10,9,,,
1c987811-8e66-43f4-92e2-3fd0936725e3,athletics.property,premium,69,10,9,,,
0bbb1fd4-60d2-4b15-a46b-15e018263b97,athletics.protection,available,69,10,9,,,
14c38b9b-d3e3-40c3-8151-75523f803a36,athletics.pub,premium,69,10,9,,,
e65d5963-91f9-411f-85ab-29620b4ae8b8,athletics.qpon,available,69,10,9,,,
83077cbb-e600-418c-b643-6c83729f34b8,athletics.quest,available,69,10,9,,,
17643374-49d8-4069-bc0a-9c9731248a76,athletics.racing,premium,69,10,9,,,
cc231092-48f6-4d6d-9156-07466b95c929,athletics.realty,available,69,10,9,,,
8fa48159-f643-484f-8f6c-a96e366681b5,athletics.recipes,premium,69,10,9,,,
87c85ced-aa35-43e5-99d5-498dc3a93aa6,athletics.red,premium,69,10,9,,,
eca5b265-ffcc-4085-8403-4d4e15203c60,athletics.rehab,premium,69,10,9,,,
8851df71-ed22-469c-b0fe-d3c1695f0f1e,athletics.reise,premium,69,10,9,,,
861f7468-4efc-48fd-9986-d6df24b91759,athletics.reisen,premium,69,10,9,,,
2eb6fb54-0dbc-477b-8f28-d87decffd78b,athletics.rent,available,69,10,9,,,
294d537d-75c6-4865-8583-78434713e797,athletics.rentals,premium,69,10,9,,,
27df6463-a9cb-4c52-a287-3862588c976c,athletics.repair,premium,69,10,9,,,
153d5226-316d-4707-b46e-190c966cf9bf,athletics.report,premium,69,10,9,,,
b6b02ac3-1ae4-4459-af34-cb3ae99b371d,athletics.republican,premium,69,10,9,,,
9f6239d2-1348-480d-9b3d-bcac20a47690,athletics.rest,available,69,10,9,,,
c3b572dc-fc9c-4e92-98a7-732dec083d62,athletics.restaurant,premium,69,10,9,,,
b3f83d6d-a384-465d-ac1b-bdf6036d14e0,athletics.review,premium,69,10,9,,,
a46a44db-434b-41ee-8639-37902361ef0a,athletics.reviews,premium,69,10,9,,,
3ba42675-7ab4-458d-8d54-a0b312a22f93,athletics.rich,available,69,10,9,,,
87d18433-b40c-474d-b2ee-fe7a4f4002fc,athletics.rip,premium,69,10,9,,,
c2862642-0852-4d78-a273-13b06c9ca89b,athletics.rodeo,available,69,10,9,,,
16722a2a-b8b7-4e8c-9e91-e6f5fde6b720,athletics.rsvp,premium,69,10,9,,,
a159a9a2-af61-4b5c-9dfc-035117d9af1c,athletics.sale,premium,69,10,9,,,
b7881979-f152-4146-81f2-ce947ade0006,athletics.salon,premium,69,10,9,,,
0b66c0b9-2573-49f0-97e5-e7c880c34bb2,athletics.sarl,premium,69,10,9,,,
73511355-4638-456c-a4b2-8ea98e5f762b,athletics.sbs,premium,69,10,9,,,
2a2ceb42-2152-4cf6-b4dd-78fa7215ec61,athletics.school,premium,69,10,9,,,
7464ae77-4176-495a-80a8-8ab3a634f35c,athletics.schule,premium,69,10,9,,,
55aba9a3-42db-47d5-a7cf-9789a99ebb56,athletics.science,premium,69,10,9,,,
2a14f2bb-d568-4a81-ac59-c136cc5da3dd,athletics.security,available,69,10,9,,,
625683ca-a14d-4453-97f5-b7cc4b05f16c,athletics.services,premium,69,10,9,,,
728bbced-0618-48a7-a4a2-6390fbd3e87a,athletics.sexy,available,69,10,9,,,
26563fb8-9564-44cb-ba9c-f18ee71158a1,athletics.sh,premium,69,10,9,,,
2db0bb93-8020-4b4d-a483-7a2c35ed610e,athletics.shiksha,premium,69,10,9,,,
fdc4b3f7-00fb-4d19-b6e3-989229acc966,athletics.shoes,premium,69,10,9,,,
e035d54b-e6d3-494f-911b-204ad5f33e38,athletics.shopping,premium,69,10,9,,,
2e31dc13-94b0-48df-86e6-bf92253533c9,athletics.show,premium,69,10,9,,,
df7a3960-8475-45a5-9500-726fcbe5f548,athletics.singles,premium,69,10,9,,,
c7a146d0-6931-4aa4-9670-d7f883ba97c8,athletics.site,premium,69,10,9,,,
bbfd2c68-826b-45f9-8465-5344e69a7559,athletics.ski,premium,69,10,9,,,
ccae5536-b799-4d01-a72a-255371d389d1,athletics.skin,available,69,10,9,,,
b9e96303-0076-4402-9d70-a422d86c1923,athletics.so,available,69,10,9,,,
d243c6bd-033e-42bd-baa8-0781259df5df,athletics.soccer,premium,69,10,9,,,
b0d6f461-17a6-407c-b005-93924f28bb9e,athletics.solar,premium,69,10,9,,,
7404b9c1-ca43-4a02-abd5-d1fd343c0982,athletics.solutions,premium,69,10,9,,,
23eec249-ba1e-4bab-b9a2-52fefa553ee4,athletics.soy,available,69,10,9,,,
412947ba-c052-4deb-b217-ed44537eb2cb,athletics.space,premium,69,10,9,,,
ae295fec-1c8d-4396-a41b-e7eb9060b609,athletics.spot,premium,69,10,9,,,
d205d0d3-3edd-4bf0-9a99-d16c572559fe,athletics.srl,available,69,10,9,,,
6050d861-25a7-4c33-b77e-af0daebd8978,athletics.storage,available,69,10,9,,,
7bdde97e-d409-4832-9651-6fec2f5b01a4,athletics.store,premium,69,10,9,,,
4e5cc4aa-a427-444b-879e-8830a9f355ce,athletics.study,premium,69,10,9,,,
30970582-376a-4535-9c5c-edc37f6d3736,athletics.style,premium,69,10,9,,,
973d30d0-9500-4299-9bd0-b6915e50fa7c,athletics.sucks,premium,69,10,9,,,
b54074c4-715d-48a1-8cc8-666fbdead92f,athletics.supplies,premium,69,10,9,,,
e4244f46-7b64-4634-a89f-da56e0bca047,athletics.supply,premium,69,10,9,,,
984c7e38-db74-40d2-ac27-6d6fde5de4ce,athletics.support,premium,69,10,9,,,
bc57a9b9-5233-4ab4-9f61-57fd57614bcd,athletics.surf,available,69,10,9,,,
b142a6fe-7a94-41fb-83d1-ab170c96be6a,athletics.surgery,premium,69,10,9,,,
9fb47a26-16f8-47d0-b8e9-73760c022bf6,athletics.sydney,available,69,10,9,,,
387ffc03-0565-4985-9e58-bfaee10b0d43,athletics.systems,premium,69,10,9,,,
81ff18a0-128e-4d5c-83bc-46a5e1883d10,athletics.talk,premium,69,10,9,,,
294bc0d1-f651-4361-b8f3-2d880fb68770,athletics.tattoo,available,69,10,9,,,
87189b64-75e3-46ab-b726-5c8c39e76444,athletics.tax,premium,69,10,9,,,
aa9fb27b-d76c-4880-8e71-23a05c7a89c9,athletics.taxi,premium,69,10,9,,,
325a9b7c-ea02-453b-b422-3a87c823a985,athletics.tech,premium,69,10,9,,,
f146b5b5-74cd-4e49-80e7-0ab43928990d,athletics.technology,premium,69,10,9,,,
3bf6baef-3c66-40f7-a7f0-c405068895ed,athletics.tennis,premium,69,10,9,,,
1a9098b6-0086-4c12-a244-d00a6af6a6c0,athletics.theater,premium,69,10,9,,,
a4eedc29-99d4-443d-b37f-b1e7e9185f71,athletics.theatre,available,69,10,9,,,
b31f6bc5-48c4-4dd4-bdd1-b79ea25187ba,athletics.tienda,premium,69,10,9,,,
89b5163c-f6e7-471b-80fb-802f6039cfe4,athletics.tips,premium,69,10,9,,,
0b349ffb-5c37-4cb8-8d8c-75949227a67d,athletics.tires,premium,69,10,9,,,
c630e4e5-feb1-43a2-9db9-782002f0c1f0,athletics.today,premium,69,10,9,,,
da090449-752c-4bc8-9711-ceb72a3f88cd,athletics.tools,premium,69,10,9,,,
6f0e380b-43a5-4a27-ab3b-091456f721f3,athletics.tours,premium,69,10,9,,,
d62fbc32-a2d3-472c-9a7f-12f286be65bd,athletics.town,premium,69,10,9,,,
9fc258ea-e16e-46f3-84a0-0df0dcf4f772,athletics.toys,premium,69,10,9,,,
59639485-c3df-4084-b263-8de5aace3788,athletics.trade,premium,69,10,9,,,
26d6f9a3-0725-4351-a91f-40c23fefcfce,athletics.travel,premium,69,10,9,,,
02ae92cc-1223-42d9-a383-f718aee9da59,athletics.tube,premium,69,10,9,,,
4b5aab8d-85b4-43d5-a09b-0291ec30c0d9,athletics.uk,resell,69,10,9,Global Domains Limited t/a Global Domains Limited,18/03/2019 17:41,18/03/2027 17:41
7c5be8f2-153e-4cea-9f88-c7c124af8f7c,athletics.university,premium,69,10,9,,,
830b3cb6-9499-47e4-930b-234089546efa,athletics.uno,premium,69,10,9,,,
d074674d-b16b-4b0e-bfd0-6c24339ecfa3,athletics.vacations,premium,69,10,9,,,
024d703c-c00f-4b6c-ba42-17ed752274c7,athletics.vana,available,69,10,9,,,
d244f351-5c00-4b3b-b6e7-bc11b521dc84,athletics.vc,expired,69,10,9,"Sav.com, LLC",19/09/2023 18:48,19/09/2025 18:48
56bb873d-20b1-48f0-9fb9-0eddc6941c39,athletics.ventures,premium,69,10,9,,,
f1b1cf23-fa60-4a60-a96a-9daca4ff0f12,athletics.vet,premium,69,10,9,,,
f7dd22a1-63eb-4db4-a97c-cca156c7a8fc,athletics.viajes,premium,69,10,9,,,
212d6ab0-f26f-42d5-b778-a2d27aee4f6f,athletics.villas,premium,69,10,9,,,
7b0261ca-6a3d-4072-94ea-064f5dca8ce8,athletics.vin,premium,69,10,9,,,
6b7e1dfb-7532-4f5f-b32f-680778d0be3f,athletics.vip,premium,69,10,9,,,
f628f817-b7ef-4721-b628-8dbf5407a3f7,athletics.vision,premium,69,10,9,,,
9db0bfa9-abfb-4cf1-8025-979b8b60328c,athletics.vodka,available,69,10,9,,,
24fddb30-c098-4c41-8a4f-1b734240e1e4,athletics.vote,premium,69,10,9,,,
7b64b80f-5aa0-4a01-bad9-4ad20407e1f1,athletics.voting,available,69,10,9,,,
a2594730-0708-4ce4-9cbf-c1c0a669f22e,athletics.voto,premium,69,10,9,,,
e2a16105-cead-48fe-befb-c955feb27d82,athletics.voyage,premium,69,10,9,,,
5eee39c1-5cf8-44ea-bb30-079bc82930c0,athletics.watch,premium,69,10,9,,,
ee27ce82-b1ff-4c00-918e-39e892b98fb9,athletics.webcam,available,69,10,9,,,
d93555ce-c7ad-4387-bb9f-644e89de2ece,athletics.website,premium,69,10,9,,,
3ee34c92-e447-4f58-b64b-077d2f2f5d33,athletics.wedding,available,69,10,9,,,
913a5bc2-aa5c-4042-8324-ffc2a6390466,athletics.wiki,premium,69,10,9,,,
b835a477-7e15-4ff1-bf47-ba6f50acab3a,athletics.win,premium,69,10,9,,,
cc294d32-2d4c-4861-b0e2-a76ec86c5cc9,athletics.wine,premium,69,10,9,,,
0a7012f9-54ef-4e82-8bad-e3d42c7f9a0f,athletics.work,premium,69,10,9,,,
b2243747-330a-4a8e-9519-41449f6139c3,athletics.world,premium,69,10,9,,,
d5a58470-72ac-45a6-b4eb-df21b5332b5a,athletics.wtf,premium,69,10,9,,,
e8c9beaa-8fd2-4686-9283-da3b613f0427,athletics.xyz,premium,69,10,9,,,
0dd9f920-8bd5-4511-b8c0-ced5f254234a,athletics.yachts,available,69,10,9,,,
51f72cc7-64f7-4c2d-a30d-f9e9d92b5026,athletics.yoga,premium,69,10,9,,,
58aa14a2-5f41-492f-b6a4-0b27cec01855,athletics.you,premium,69,10,9,,,
9ad91e23-2990-4bd4-a3e5-5e94f7855fa2,athletics.zip,available,69,10,9,,,
eb3f4003-69d2-4bc4-a03e-7c82bc4db70f,athletics.zone,premium,69,10,9,,,
2317128a-f929-4f8d-b7f4-141b92fcdc69,leagues.at,available,40,40,7,,,
06c1dd67-933c-42a9-8721-7b99c972d54e,leagues.co,expiring,40,40,7,"Wild West Domains, Inc.",20/07/2010 18:08,19/07/2025 23:59
cd9d4cfa-824b-4e93-b8b0-406470d9ff99,leagues.dev,available,40,40,7,,,
2e53d017-b593-4a88-aa6a-5285893ee212,leagues.expert,available,40,40,7,,,
07e3b8fa-39e3-479a-b002-8e3a0d04f804,leagues.it,resell,40,40,7,,25/04/2010 20:59,24/05/2026 00:00
28d34854-05b5-41f8-94f8-ed178756674d,leagues.ninja,available,40,40,7,,,
308ee4e6-ba0a-4898-aa8f-78577307f8b6,leagues.online,premium,40,40,7,,,
4c20b7c9-ec2e-4e06-ad17-6d30e23c2a7f,leagues.org,resell,40,40,7,"Sav.com, LLC",14/02/2001 13:06,14/02/2026 13:05
850b4e9d-51a5-40ca-8017-d9cf15b85dac,leagues.site,premium,40,40,7,,,
a922d25a-c7d2-4414-a8be-887772387b89,leagues.so,available,40,40,7,,,
157dc0a4-c710-4ec2-ae7d-0a771fddff8e,leagues.space,premium,40,40,7,,,
43def368-ba19-46c6-b9d8-3bc8c476d4a5,leagues.store,premium,40,40,7,,,
c40c0a13-51d6-4c14-8071-73e5fec985b7,leagues.tech,premium,40,40,7,,,
66f9fa33-1eaa-4f4d-9000-55e6ca3b2db8,leagues.us,resell,40,40,7,"GoDaddy.com, LLC",09/05/2002 04:01,08/05/2026 23:59
eaa2a2c7-0b78-4d22-a262-717333049a09,leagues.zone,available,40,40,7,,,
cb93f42b-fd07-4dda-8f0f-4b85b2d52772,tournaments.at,available,,84,11,,,
a5093785-bb5c-4db8-8cc0-cebc107b3313,tournaments.expert,available,,84,11,,,
3d22887f-17d9-49f1-8279-2a9cb5f18ff4,tournaments.it,resell,,84,11,,22/11/2010 14:42,08/12/2025 00:00
61d9cc30-7c2a-4bf3-9c99-ad9868c1fba8,tournaments.me,premium,,84,11,,,
b143994e-207c-4532-a85a-ae729dbf4e65,tournaments.ninja,available,,84,11,,,
9faeb3d1-00eb-4c95-b621-7820e4255145,tournaments.online,resell,,84,11,GoDaddy Online Services Cayman Islands Ltd.,28/08/2015 00:26,28/08/2025 23:59
a89561f4-d4a3-4f05-a69e-6414617e1126,tournaments.site,premium,,84,11,,,
5165d60a-0bbe-459a-a1bf-490ef969c01f,tournaments.so,available,,84,11,,,
e4196284-2994-4ab0-84af-9d8b2156e7d5,tournaments.space,premium,,84,11,,,
4cf773d5-6b77-4160-8439-644f797a1cda,tournaments.store,premium,,84,11,,,
d8598aa0-a6bd-4daf-a5f8-0a6fb4dd34f1,tournaments.zone,available,,84,11,,,
71959577-8a52-410b-81dc-8cf3a1e54b20,matches.at,available,64,40,7,,,
f4a5a4d5-63f0-452c-867b-c82ea06edfcf,matches.cloud,premium,64,40,7,,,
e09644c8-e1b6-4747-bc0f-08961ad3904d,matches.dev,premium,64,40,7,,,
472af567-8e12-4512-be4c-87112f4a4b27,matches.expert,available,64,40,7,,,
7bb36c4d-e90e-456d-9df5-a5b9b071c83f,matches.io,resell,64,40,7,"Sav.com, LLC",26/12/2019 14:30,26/12/2025 14:30
f28c0fa8-bd7a-4ef8-a463-d8039246c0e8,matches.me,expiring,64,40,7,DNPric.es,10/07/2008 03:30,10/07/2025 03:30
bd999b0a-1afc-4d5d-a4f6-e99881ce68d2,matches.ninja,available,64,40,7,,,
0b4a9cac-7a8b-44ae-b0ba-03484aa42e26,matches.online,premium,64,40,7,,,
6fce37f2-d38e-4ab3-a499-7e85c9dc54e6,matches.site,premium,64,40,7,,,
83b0eb8f-6693-435e-a7f6-fc1111a5e679,matches.so,available,64,40,7,,,
1af9d4bb-19bb-42fd-965b-6214f8777314,matches.space,premium,64,40,7,,,
ba9e2827-ac25-47a1-9a5b-e45324a30b7e,matches.store,premium,64,40,7,,,
ab433dc3-f4eb-42cd-b801-7d6646696ab4,matches.tech,premium,64,40,7,,,
93e60b33-b122-441e-aa9d-4c281d8e5235,matches.us,resell,64,40,7,"Name.com, Inc.",24/04/2002 14:03,23/04/2026 23:59
26fd7599-3c20-4a86-b46a-4df98f64f4f7,matches.zone,available,64,40,7,,,
09ff9368-851c-4830-8ce1-ff7ca2e2b29f,Games.ai,resell,66,80,5,Dynadot Inc,16/12/2017 04:33,08/10/2030 04:33
8a811265-c49e-41cc-9f0c-6502243a8ea1,Games.at,sold,66,80,5,Russmedia IT GmbH ( https://nic.at/registrar/215 ),,
1b95fea2-a9b8-4e85-a4b2-ff51b20e2452,Games.cloud,premium,66,80,5,,,
696dd797-b48b-4ff9-8b36-1e32b9af83cb,Games.co,resell,66,80,5,"Name.com, Inc.",25/02/2010 00:55,24/02/2026 23:59
13985fa0-46f4-48d8-b085-c03d7b9f3191,Games.expert,expiring,66,80,5,Nom-iq Ltd. dba COM LAUDE,12/07/2015 16:00,12/07/2025 16:00
3f59b856-2afa-46e0-a533-79a3370baed9,Games.io,resell,66,80,5,101domain GRS Limited,04/10/2007 06:33,04/10/2028 06:33
3f41fa93-1865-4b37-b391-e2ade1e37c12,Games.me,premium,66,80,5,,,
f0a46c7f-a2ee-4381-b0b4-cf78c243ef79,Games.ninja,premium,66,80,5,,,
c873e65b-f222-43e7-be68-ff4dcb58e754,Games.online,resell,66,80,5,Dotserve Inc,02/04/2019 13:55,02/04/2029 23:59
472b756c-4b50-40da-89ca-7c27d6f6257e,Games.site,premium,66,80,5,,,
00e1a495-1e6d-4e2c-8764-d0be729544ad,Games.space,premium,66,80,5,,,
c49cede6-aa4b-4a67-9b21-5613f7df61e5,Games.store,resell,66,80,5,Dotserve Inc,23/12/2016 11:19,23/12/2029 23:59
5dfca5d2-a3ce-4434-90e8-16da52f81405,Games.tech,resell,66,80,5,Dotserve Inc,02/04/2019 14:12,02/04/2029 23:59
7ebcb9f4-bb60-4c43-a474-7984f39983aa,Games.us,resell,66,80,5,"NameCheap, Inc.",24/04/2002 14:00,23/04/2026 23:59
94b268b3-231a-4785-aa02-36e3987c6424,coaching.at,available,64,84,8,,,
b4adbf15-759a-4d30-97f2-210e8420f477,coaching.cloud,premium,64,84,8,,,
abc4eb53-2847-41c0-bd62-b0fc88feb931,coaching.gg,resell,64,84,8,Chang Wen Ling t/a private.tw (http://www.private.tw),,
d19cf8de-cb2c-49cf-b62d-cd7beb8a80c2,coaching.me,resell,64,84,8,Virtualia LLC,26/05/2024 15:15,26/05/2026 15:15
0cb6aaad-a1d5-4f4d-acf9-a8c24f05d3db,coaching.online,premium,64,84,8,,,
22f4e634-9c92-45ec-91ec-536097ddd4b9,coaching.site,premium,64,84,8,,,
5c07a0ca-6b2d-4610-8103-7865a3750474,coaching.store,premium,64,84,8,,,
8116791e-624d-47c1-b62d-cdf128f1bf11,coaching.tech,premium,64,84,8,,,
e373c781-2461-4d80-989d-63e1cd9368b6,coaching.us,resell,64,84,8,"GoDaddy.com, LLC",10/07/2013 18:02,09/07/2026 23:59
3b79df4d-e240-4e70-8bc9-f4d6d8d880ad,coaching.xyz,resell,64,84,8,"Go Daddy, LLC",01/05/2025 16:16,01/05/2026 23:59
6360184f-2644-4b4a-b524-025f20a3378a,practice.at,resell,86,80,8,Greenmark IT GmbH ( https://nic.at/registrar/618 ),,
1df75342-8752-4428-ba3d-9ed804b8583b,practice.co,expiring,86,80,8,"GoDaddy.com, LLC",21/07/2010 20:27,20/07/2025 23:59
ecc2c7dc-719c-4dfb-8464-3e2aad165e7c,practice.it,resell,86,80,8,,03/04/2018 09:00,19/04/2026 00:00
ec2c91b8-9825-415d-a694-3e4817e40daa,practice.me,resell,86,80,8,"GoDaddy.com, LLC",10/07/2008 03:30,10/07/2026 03:30
5287c3b0-faf8-4cc5-a3ff-2657ed8e10d4,practice.online,expired,86,80,8,"Go Daddy, LLC",18/04/2024 19:22,18/04/2025 23:59
21066230-ffb4-46b8-be0e-fe7d489cf113,practice.pro,resell,86,80,8,Epik LLC,19/10/2020 14:30,19/10/2025 14:30
10535630-afb7-47d4-a592-92332980b06d,practice.site,expiring,86,80,8,"Go Daddy, LLC",02/08/2015 03:10,02/08/2025 23:59
4edaa44b-87ae-419f-ad34-707eb8055fad,practice.so,expired,86,80,8,101domain,23/05/2020 13:26,23/05/2025 13:26
ca7f300b-3504-42a4-9c40-bed0075588dc,practice.tech,premium,86,80,8,,,
f5febb95-7c38-4e39-b91b-42e77d3086b1,workouts.ai,resell,,36,8,Ewire,16/12/2017 00:44,18/05/2027 00:44
c36590e3-8d16-4ebb-8721-216f8fbe80a6,workouts.app,expired,,36,8,Namecamp Limited,08/05/2018 16:00,08/05/2025 16:00
29f69c9d-73e2-43a0-bcab-171fc789600a,workouts.com,resell,,36,8,Dynadot Inc,06/09/1996 04:00,05/09/2026 04:00
493bd63d-67ee-47d6-b58c-b1ca376c2210,workouts.dev,premium,,36,8,,,
a45aa7db-0ed3-4b3b-86f8-01888c6391e0,workouts.expert,available,,36,8,,,
176ea44f-a933-4cc8-b1fa-bdd4ff2322ce,workouts.it,resell,,36,8,,11/01/2010 22:25,29/01/2026 00:00
6c5c304e-bca2-49bc-a08c-ab58b6bcef3e,workouts.me,expiring,,36,8,"Wild West Domains, LLC",17/07/2008 20:38,17/07/2025 20:38
5bf15cb6-264f-456c-b6c2-a90b45a0cb50,workouts.net,expiring,,36,8,DropCatch.com 947 LLC,26/07/2024 18:18,26/07/2025 18:18
a6a62e08-1fa9-45c1-a7b2-e7375fc63714,workouts.ninja,available,,36,8,,,
c4b76980-2f9c-4159-82b7-b301a36eb7b9,workouts.online,premium,,36,8,,,
930681ea-b99d-4e88-ae80-9b56a5113d37,workouts.site,premium,,36,8,,,
0e4fe53b-9c4a-48a2-9596-38eb47bcdd24,workouts.so,available,,36,8,,,
056d2e98-7f91-4a73-aae9-db1def7431ef,workouts.space,premium,,36,8,,,
4b1e80bc-2702-4cd0-b353-93bd86a98437,workouts.store,premium,,36,8,,,
a7d80ebc-a752-482e-b706-9d0cd7dd5988,workouts.tech,premium,,36,8,,,
51d12941-429c-4c78-97d7-8ec0207fb3cb,workouts.xyz,resell,,36,8,Dynadot LLC,04/06/2014 08:21,04/06/2026 23:59
28905984-ca89-4b7b-b73d-9d14f50d5f0a,conditioning.tech,premium,64,24,12,,,
dc90afeb-821f-4a97-8d46-d152c4c6d7ea,conditioning.zone,available,64,24,12,,,
4cd741ba-189f-4aee-8a3e-64f2b90f7002,conditioning.ai,resell,64,24,12,"NameCheap, Inc.",14/04/2025 04:19,14/04/2027 04:19
a3b24064-5c78-45e0-a959-8da0965de23d,conditioning.app,premium,64,24,12,,,
c3b0c6c4-8a04-47d0-afdd-a03112fa6bb9,conditioning.at,available,64,24,12,,,
04ae5f45-4bf7-4fb2-a337-ebb5be49cfe2,conditioning.cloud,available,64,24,12,,,
c8160b0c-5fd6-4862-ad7d-7fb699e7fff2,conditioning.co,expiring,64,24,12,"GoDaddy.com, LLC",20/07/2010 18:12,19/07/2025 23:59
a784b8cb-df47-4fb9-afe7-f56c52670a2f,conditioning.dev,premium,64,24,12,,,
d5cc5386-6c36-45a7-aab9-62497b094f73,conditioning.expert,available,64,24,12,,,
721d9dc2-1bab-43a3-956c-f324509a0512,conditioning.gg,available,64,24,12,,,
0e91ac14-7f4e-48ee-b54b-b27c18d9a381,conditioning.it,resell,64,24,12,,19/12/2011 22:01,19/12/2025 00:00
25ce3852-ca2f-42d1-8f82-9f6e81a108e3,conditioning.me,available,64,24,12,,,
3d8bf497-df5a-4b67-a076-23d66c66f35c,conditioning.net,premium,64,24,12,Annulet LLC,07/03/2003 19:18,07/03/2026 19:18
bf8c7ac1-f5c6-4bde-bf73-3c9a78cabf02,conditioning.ninja,available,64,24,12,,,
6cfbb337-3c8f-4b31-9296-f160400f1e5d,conditioning.pro,available,64,24,12,,,
3485c096-d94f-4683-88ca-3b7dabff4512,conditioning.site,resell,64,24,12,"GMO Internet Group, Inc. d/b/a Onamae.com	",13/05/2025 09:00,13/05/2026 23:59
d10a6710-bfab-40e6-b129-4daa977bfd3e,conditioning.so,available,64,24,12,,,
c10c66d7-37fe-4dac-9a8f-9adf2e6af07b,conditioning.space,premium,64,24,12,,,
4083c74e-1c8d-4c20-b306-ac18bccec0b7,conditioning.store,premium,64,24,12,,,
8a4ab40f-4a92-4eee-9eea-216bb22a179c,drills.app,expired,46,36,6,"Name.com, Inc.",08/05/2018 16:00,08/05/2025 16:00
990a98d4-7708-436e-bcbd-6a8f500d8eba,drills.at,available,46,36,6,,,
c8ab6a9f-466a-4a3d-8f98-9c21b115c87d,drills.cloud,available,46,36,6,,,
ccb59741-c499-4147-a3b1-da2434a3b440,drills.com,resell,46,36,6,GoDaddy Online Services Cayman Islands Ltd.,14/12/1998 05:00,13/12/2026 05:00
a1eaba26-7eaf-4fc5-a91c-e24ac6b1ddcd,drills.expert,available,46,36,6,,,
69d71fd7-6c1a-4c76-9d00-4952e02a659c,drills.gg,available,46,36,6,,,
22dd5c13-8366-4c9c-94f2-271db8f92cab,drills.me,premium,46,36,6,,,
cb9b307f-1c50-4cfc-9076-f282f8ebc42a,drills.ninja,available,46,36,6,,,
ee2c7af1-ee48-4783-820b-b948b775f6f1,drills.online,premium,46,36,6,,,
4cbcba56-5647-4eb3-a59c-315858b38766,drills.site,premium,46,36,6,,,
1a0a279b-cfb9-4a64-89ed-bceea42516f9,drills.so,available,46,36,6,,,
9afc51e0-8517-40da-b511-74f1692995cc,drills.space,premium,46,36,6,,,
52a9d218-3c16-47bf-86b5-3338613450ca,drills.store,premium,46,36,6,,,
fa1f7222-dd37-497f-868d-f2da4c118be6,drills.tech,premium,46,36,6,,,
ff660861-8cd6-4016-b6ba-f8173ed42c32,drills.us,resell,46,36,6,Key-Systems GmbH,20/08/2005 17:07,19/08/2025 23:59
4b0268ce-6da5-48dc-a23a-24e7ae755af6,drills.zone,available,46,36,6,,,
5dd09ea2-1118-41c1-badf-2649c995fbd3,clinics.app,expiring,56,32,7,Squarespace Domains II LLC.,29/07/2021 18:54,29/07/2025 18:54
6f94de68-b300-4cf3-889a-adf21c6e7ec1,clinics.at,available,56,32,7,,,
78164042-8e15-491a-a382-3dbc9dbf5037,clinics.cloud,premium,56,32,7,,,
8c83769d-feb3-4f48-b1ef-b5594746bd10,clinics.dev,premium,56,32,7,,,
5ffe3c59-56c8-4e26-a38d-150306d1822c,clinics.expert,available,56,32,7,,,
08c5ad17-3e1c-4e0c-9fcd-bc90bcae966d,clinics.gg,available,56,32,7,,,
a2f2ade9-9f40-4688-bc3b-eb679db4f255,clinics.me,expiring,56,32,7,"Sav.com, LLC",17/07/2008 17:47,17/07/2025 17:47
1204fa08-a4b7-4d13-8e3e-be5392bcffaf,clinics.ninja,available,56,32,7,,,
46b57443-2cd2-46f4-a52e-cddfa7ead825,clinics.online,premium,56,32,7,,,
8dd7d1f9-60c7-4da6-8078-4c752227efc1,clinics.org,resell,56,32,7,"GoDaddy.com, LLC",11/06/1998 04:00,10/06/2032 04:00
43cc9ab1-bdf9-41cf-81b4-65509bd596d3,clinics.site,premium,56,32,7,,,
8aeced51-b486-4ae0-b111-6565a8e42d40,clinics.so,available,56,32,7,,,
88c9781a-9be4-4613-b87c-0a0f9f26f57d,clinics.space,premium,56,32,7,,,
7277bbb3-7dd4-401b-88d0-7391d0a1efb0,clinics.store,premium,56,32,7,,,
afa28592-8dc8-4fc1-9b28-32f0b66836ef,clinics.tech,premium,56,32,7,,,
3f37af16-3074-4318-935a-f56a2eb381a8,clinics.us,resell,56,32,7,"GoDaddy.com, LLC",09/07/2010 18:02,08/07/2026 23:59
d6bdb244-4ca9-4eb3-a0cd-354af71bf443,clinics.zone,available,56,32,7,,,
459291b8-b700-4546-816e-b65f84b4a15e,sportinggoods.app,expiring,,24,14,"NameSilo, LLC",22/07/2019 03:12,22/07/2025 03:12
99d5d325-a671-4777-8360-71d6fd60c7fd,sportinggoods.at,available,,24,14,,,
060e8ad4-2c00-4673-856b-55c07e14e6b5,sportinggoods.cloud,available,,24,14,,,
990926ed-d54e-4d7e-817b-fc96a15ea85c,sportinggoods.co,resell,,24,14,Hello Internet Corp.,24/02/2010 23:10,23/02/2026 23:59
e972825a-f9d1-4b22-8604-4d41c6fe01f5,sportinggoods.dev,available,,24,14,,,
a98eb440-a794-4789-9c6a-4aec08885d47,sportinggoods.expert,available,,24,14,,,
ae05a7f5-80d6-4934-9d40-07504df73a22,sportinggoods.gg,available,,24,14,,,
fb83260b-f7e0-4426-91d7-355c76ea03fe,sportinggoods.io,resell,,24,14,"humbly, LLC",03/09/2015 00:30,03/09/2025 00:30
86fdaeab-1f86-45f4-ab57-6c3d84ac3a5c,sportinggoods.it,resell,,24,14,,18/10/2010 12:25,04/11/2025 00:00
4511fc38-f9c5-44f1-aff3-4af2aad3e45d,sportinggoods.me,premium,,24,14,,,
0edf9b7d-90ea-4819-87a2-be230e9b371e,sportinggoods.ninja,available,,24,14,,,
3eb4259e-38bf-464b-ae01-08a1f7ecc709,sportinggoods.online,premium,,24,14,,,
086e6779-df21-4715-949a-32e781249ce1,sportinggoods.site,premium,,24,14,,,
83207f58-2eaf-4577-9256-de091e5296ae,sportinggoods.so,available,,24,14,,,
517f0eb6-00ac-4378-88fc-8293eed4048f,sportinggoods.space,premium,,24,14,,,
64885095-45c0-43f2-9a05-8e0631c8c597,sportinggoods.store,premium,,24,14,,,
2d20b9e8-fb55-403b-8208-ee3bf4dec423,sportinggoods.tech,premium,,24,14,,,
9d089297-d43a-4481-96c0-6ebab8780019,sportinggoods.us,resell,,24,14,PDR Ltd. d/b/a PublicDomainRegistry.com,24/04/2002 14:05,23/04/2026 23:59
f2a8a541-5417-456b-9d20-3bc0ecf307c9,sportinggoods.zone,available,,24,14,,,
069d959f-780f-4ebf-8bd6-f1d3008b8693,sportswear.app,premium,70,84,10,,,
d1b86ea4-ee5d-4e77-bc97-3a233ec91a64,sportswear.cloud,premium,70,84,10,,,
2535e5e0-b075-4757-a4e2-24c624c8320b,sportswear.dev,available,70,84,10,,,
1054a4d0-c3a9-49c9-898b-35f0e8412693,sportswear.gg,available,70,84,10,,,
ae2c3212-6b83-471f-a73b-398ead954b1a,sportswear.io,resell,70,84,10,"GoDaddy.com, LLC",14/06/2016 06:26,14/06/2026 06:26
c4e49967-8f57-4122-8d5d-a6d888bdebc3,sportswear.it,resell,70,84,10,,28/10/2014 16:00,28/10/2025 00:00
7615144f-9617-4b64-ac51-1364b941eab1,sportswear.net,resell,70,84,10,"GoDaddy.com, LLC",26/01/1999 05:00,26/01/2031 05:00
006c588d-a049-487c-aef8-25e754808239,sportswear.ninja,available,70,84,10,,,
23a7738d-d51f-4649-9b65-609c02da6681,sportswear.online,premium,70,84,10,,,
8752570a-d9dc-4757-bdbd-cc10a60ec127,sportswear.pro,resell,70,84,10,"Sav.com, LLC - 31",24/09/2024 17:00,24/09/2025 17:00
57e48e60-0a6a-4a54-bd28-b4665f58b1cb,sportswear.site,premium,70,84,10,,,
2044db8b-954c-472a-ac5d-972f07a64bda,sportswear.so,available,70,84,10,,,
257cc409-7002-49be-8937-517aded45ddf,sportswear.space,premium,70,84,10,,,
44e5d073-cccb-49a5-b889-bda5f827e1bb,sportswear.store,premium,70,84,10,,,
78176c36-4a44-4fcd-99d8-bae4e54b52ca,sportswear.tech,premium,70,84,10,,,
d9916261-fe27-4b9b-a56f-15db187629dc,sportswear.zone,available,70,84,10,,,
9c196800-af38-4d56-b2b0-94d5c43189df,athletic.ac,available,78,13,8,,,
a0f5e244-f090-46fa-8402-fd4afa975f15,athletic.academy,resell,78,13,8,"Sav.com, LLC - 23",07/05/2025 15:15,07/05/2026 15:15
696b803b-4e4d-40e3-8b13-d98e35aba969,athletic.accountant,available,78,13,8,,,
b4fba6bd-8a63-4ad1-9aef-b4e1bebfec55,athletic.accountants,available,78,13,8,,,
a989cdd5-e205-4653-b326-b6142efc205a,athletic.actor,premium,78,13,8,,,
44473070-2dbe-41c6-ba65-58804800402b,athletic.adult,available,78,13,8,,,
b8ffc4c5-04f5-476c-86c6-ec2d8adc6352,athletic.ag,available,78,13,8,,,
f591a23f-f6e7-4a80-8886-def9dc70db65,athletic.agency,sold,78,13,8,Gandi SAS,04/09/2020 14:40,04/09/2026 14:40
ba9c4dd3-3227-4369-bca9-65b1f25f63ae,athletic.airforce,available,78,13,8,,,
0ae04039-4a6c-426a-a6df-e0fe2c3fd227,athletic.apartments,available,78,13,8,,,
f2304efc-15dd-4f5b-a5bd-8071843af029,athletic.archi,available,78,13,8,,,
1878042b-30aa-4bbd-968b-3147c1d7aa22,athletic.army,available,78,13,8,,,
539b5f32-2be3-4a54-a678-7eb57ca8407c,athletic.art,premium,78,13,8,,,
f9c64d22-1c6c-4f47-8326-afd0a6c4d005,athletic.associates,available,78,13,8,,,
8da7732a-239b-4e61-a80a-986a43657acc,athletic.at,available,78,13,8,,,
bd3c4e12-43ab-46b6-a1cf-3af539481d02,athletic.attorney,available,78,13,8,,,
5725ee61-20b4-432d-86a9-7dac33b79695,athletic.auction,available,78,13,8,,,
32adb7f3-25e8-4fc2-93fd-eb1db1c70c9d,athletic.audio,available,78,13,8,,,
a9f9c2ae-a316-4f89-8f63-9e072142aae7,athletic.auto,available,78,13,8,,,
33e8cf1b-1b6c-4f0e-a37d-7ac215acd1de,athletic.autos,available,78,13,8,,,
e463cb01-d692-4c98-ba19-f681ac91a0d4,athletic.baby,available,78,13,8,,,
13103be0-96b7-449d-8b05-4f3c594e5221,athletic.band,premium,78,13,8,,,
e3b98463-ba66-4ca6-b435-8e345b769f26,athletic.bar,premium,78,13,8,,,
8c75896a-0109-4ee5-af1e-5014cbfb97aa,athletic.bargains,available,78,13,8,,,
35d4e262-8e54-4e6f-afd3-d6778625f1ae,athletic.bayern,available,78,13,8,,,
ee38e8ca-1716-42bc-80d5-e00d7a485cd2,athletic.beauty,expired,78,13,8,"Spaceship, Inc.",18/10/2024 01:44,18/10/2025 23:59
aa970e8d-9a34-4933-913d-2cf3f4cc0a46,athletic.berlin,available,78,13,8,,,
dafb1ec6-31b3-4f81-9bfc-4066a3d41e12,athletic.best,available,78,13,8,,,
fb2094c5-619a-44db-83c3-34e57864acb0,athletic.bet,premium,78,13,8,,,
3106b4a2-bb2c-4144-b006-f01a4170020f,athletic.bid,premium,78,13,8,,,
91319a3d-4813-45c4-b91a-6dbceb392b2d,athletic.bike,available,78,13,8,,,
fcd12038-2016-4947-9722-3b57046a57d3,athletic.bingo,available,78,13,8,,,
f8b4c2cd-950f-4cd8-8473-8febe5d768a6,athletic.black,available,78,13,8,,,
023a4c6e-878f-4710-b5be-87a2bc2f210f,athletic.blackfriday,available,78,13,8,,,
68f81b68-f2ad-4608-927d-9d9f29bd48ba,athletic.blog,available,78,13,8,,,
2e29d061-3a8d-463c-9bdc-6157fbcabf7d,athletic.boats,available,78,13,8,,,
99f35e59-902b-4723-b674-b510dd9eed4f,athletic.bond,premium,78,13,8,,,
6653d0bc-42c5-471a-ae5e-0784488fe02e,athletic.boo,premium,78,13,8,,,
f5a480b5-a9f7-4213-8719-e44e26532ade,athletic.boston,premium,78,13,8,,,
effc2d62-63b9-4d0b-96ec-2723e3d5e79c,athletic.bot,premium,78,13,8,,,
46a5090d-dd33-4d6f-904a-503939c4ac65,athletic.build,premium,78,13,8,,,
8051a88d-8d86-42ca-8cee-8e17243c4c1d,athletic.builders,available,78,13,8,,,
7eb46adc-1f6f-4c3a-87a3-04aff152e7ef,athletic.business,premium,78,13,8,,,
4bd95f25-e6c3-4e16-a31e-ebe95f7d9141,athletic.buzz,premium,78,13,8,,,
e3e92799-c62c-4728-b2fa-7ab2897be193,athletic.bz,available,78,13,8,,,
33edf233-2b79-4de8-bad9-05746a24dd54,athletic.cab,available,78,13,8,,,
8ebe29d8-d642-4c63-bc91-02f84e03b893,athletic.cafe,available,78,13,8,,,
f082f385-dd76-4d61-af9e-e8ad11e7bd98,athletic.cam,premium,78,13,8,,,
0d0ead13-4314-4e35-a86e-d42c0973b1e4,athletic.camera,available,78,13,8,,,
dbb4b226-aeeb-49df-8e75-2a9e93deee9f,athletic.capital,available,78,13,8,,,
9bb1431c-2134-49a1-83d0-37d3859e42a6,athletic.car,available,78,13,8,,,
7333b3e8-7793-49d8-bc38-016374493a2c,athletic.cards,available,78,13,8,,,
6a9de2a0-7e58-4b94-a1b0-8aae691422d7,athletic.careers,available,78,13,8,,,
4d56a6d1-b3b3-4e2d-b17f-9f541c90e1ee,athletic.cars,available,78,13,8,,,
d973a8eb-b80f-4370-8bea-a4e84cc01ff5,athletic.casa,available,78,13,8,,,
adb5054f-a1fb-4b5f-bb29-2ab75a9355a4,athletic.cash,available,78,13,8,,,
f19f6dcb-4557-4978-ab0f-d0e7fe5c87b7,athletic.casino,available,78,13,8,,,
ffe1a553-272b-4d9a-b9f9-fa31f006d2b9,athletic.catering,available,78,13,8,,,
23be777e-4c35-4dac-aa6f-8eba39724d83,athletic.ceo,available,78,13,8,,,
b70f5ac5-d391-46b8-a228-56058c628f3e,athletic.cfd,premium,78,13,8,,,
89f67bea-9dcb-4d9a-baad-1585d79c4d0f,athletic.charity,available,78,13,8,,,
74403cac-32b1-4d1c-8b38-b0132a414d65,athletic.chat,resell,78,13,8,"Xiamen ChinaSource Internet Service Co., Ltd",05/06/2024 00:59,05/06/2026 00:59
81b08757-190b-40b2-a9c5-a61deb26b89f,athletic.cheap,expiring,78,13,8,"NameCheap, Inc.",15/12/2024 18:53,15/12/2025 18:53
d0651542-7b9e-4e2a-a565-6c230813ebfd,athletic.christmas,available,78,13,8,,,
395a2771-a1f0-4023-a8d6-857065e4db09,athletic.church,available,78,13,8,,,
263aef5c-bdc6-4d0b-9e75-21cbe266c3ee,athletic.city,available,78,13,8,,,
b59875a5-9079-4bf7-848a-27a39590d90b,athletic.claims,available,78,13,8,,,
e1aa228b-5dfb-4e05-868a-1005ab4986f2,athletic.cleaning,available,78,13,8,,,
33f9e39a-ab01-42fa-9b68-8d97cd51e4af,athletic.click,available,78,13,8,,,
ca20b081-c221-4819-b2ec-b84eb141970d,athletic.clinic,available,78,13,8,,,
37aa9732-dbcb-4cd8-bfc4-bf999e7ed918,athletic.clothing,premium,78,13,8,,,
ae2b7b2b-e3d4-40b8-a30c-5b4e64b06fe0,athletic.cloud,sold,78,13,8,"Regional Network Information Center, JSC dba RU-CENTER",28/09/2016 07:30,28/09/2026 07:30
22c2e17e-490c-4ecd-ab0d-0ce73ffaa17f,athletic.co,premium,78,13,8,,,
adb77eca-bc0a-48bc-b7f7-d4faa057ea14,athletic.coach,premium,78,13,8,,,
6b76b1c1-a609-49a0-867e-eed34e4088d2,athletic.codes,available,78,13,8,,,
89b3fa63-088c-49e7-b059-97a5ba62276d,athletic.college,available,78,13,8,,,
c45fb3b6-fbc8-4238-86e5-19e9fd9a1ff9,athletic.community,available,78,13,8,,,
d0bdf05a-7bc3-41b0-ad04-d4c308d505ab,athletic.computer,available,78,13,8,,,
67f0388f-c3ee-4c05-b384-316dbb92b577,athletic.condos,available,78,13,8,,,
b4b6a547-514f-4531-adbc-7506c2152a05,athletic.construction,available,78,13,8,,,
84b8e061-1a30-4047-8c37-714cd2e41f9f,athletic.consulting,premium,78,13,8,,,
3d59624d-1391-4ece-a213-4bb96764720b,athletic.contact,available,78,13,8,,,
eb097e73-b1bd-4d5c-8ff1-05af479c33e6,athletic.contractors,available,78,13,8,,,
c5cb2ba8-8afb-43e4-830a-6e5b6dcd874f,athletic.cooking,available,78,13,8,,,
9f6786ae-0bbb-4d13-9413-fa250790c84b,athletic.cool,premium,78,13,8,,,
cd422a6c-3bac-42d5-85a7-1498f8c5647b,athletic.country,available,78,13,8,,,
87b117cc-1fbd-43d3-a963-42f7006f0809,athletic.coupons,premium,78,13,8,,,
fa9b5a75-9690-493e-8b1d-eb28b2f422d7,athletic.courses,available,78,13,8,,,
857664f1-723a-4273-937d-b5e71cc6a1d8,athletic.credit,available,78,13,8,,,
9f1874df-5c14-410b-9d04-fc05a85dd34f,athletic.creditcard,available,78,13,8,,,
9f9f4c35-abb5-4035-a6fe-c5582dc4bfb6,athletic.cricket,available,78,13,8,,,
a16aa414-cd81-46e6-8c64-646a029bbd4f,athletic.cruises,available,78,13,8,,,
2bd4420f-eba4-4e2c-8ca4-a1bd4dbda1c2,athletic.cv,premium,78,13,8,,,
00c88d9b-b47d-47d3-be21-c9fd73183654,athletic.cx,available,78,13,8,,,
2632473a-ad59-4b1d-9239-bc1f02ae02ce,athletic.cyou,premium,78,13,8,,,
d641cfba-b1c5-4d7f-beb5-373bed333a0a,athletic.dad,premium,78,13,8,,,
fe623bb2-231b-4d03-8ea8-366a7ccf9be5,athletic.date,premium,78,13,8,,,
bc12205b-596b-475a-bcf3-3dfe9fc10d4f,athletic.dating,premium,78,13,8,,,
82051103-8b63-4669-a50a-9b0fdf9ef351,athletic.day,premium,78,13,8,,,
e33d72bb-305f-485c-8711-81f2b309d33e,athletic.deal,premium,78,13,8,,,
e676a89b-051d-4364-a815-ccdd0417b79f,athletic.dealer,premium,78,13,8,,,
9ca75fde-ce2d-4ef7-b88a-011d72927e70,athletic.deals,available,78,13,8,,,
7c7fe830-d021-480a-8477-78b8ce7cd809,athletic.degree,available,78,13,8,,,
4a64db06-df05-4813-8a17-3f878224bbe2,athletic.delivery,available,78,13,8,,,
82c36783-d391-4e56-96d4-1c2a39367e9e,athletic.democrat,available,78,13,8,,,
75476c9f-f793-4455-b2f4-6a8479f56850,athletic.dental,available,78,13,8,,,
1b42547a-b790-4c4d-a304-5c9cc2a51cb0,athletic.dentist,available,78,13,8,,,
a3e8bcc2-bc7f-42a2-ab7b-e65516860137,athletic.design,premium,78,13,8,,,
06fd3001-6786-4ec4-9a69-b256718eb439,athletic.dev,premium,78,13,8,,,
e81ac49e-1a24-4904-8dea-efd2ff6d0098,athletic.diamonds,available,78,13,8,,,
7c640f29-6a08-45c0-bde1-4b281eb43e55,athletic.diet,available,78,13,8,,,
2f4113b6-3549-40cd-8ef3-fc999507260c,athletic.direct,available,78,13,8,,,
e778063a-be08-4216-81e9-088f3edbbe7e,athletic.directory,available,78,13,8,,,
e05431af-e862-474f-b5aa-1c2cb638e25b,athletic.discount,available,78,13,8,,,
de35df5c-c0c8-4504-b184-cfa5fd3aa3f6,athletic.diy,available,78,13,8,,,
1fd72179-e82b-4d58-8af1-415e4ae16b64,athletic.doctor,available,78,13,8,,,
ec83c075-623f-4379-bc8a-d2b1bd2b65e0,athletic.dog,sold,78,13,8,"GoDaddy.com, LLC",06/09/2025 18:59,06/09/2026 18:59
213986c2-eedc-458f-a145-72a8f7d917ba,athletic.domains,available,78,13,8,,,
4f82af66-1e76-4823-86bb-ea263cda7eb4,athletic.download,available,78,13,8,,,
7ce0f109-e11c-49df-aa10-ed4d86bed039,athletic.education,available,78,13,8,,,
1ed76811-168c-47ff-be19-273d7472a78b,athletic.energy,expiring,78,13,8,Squarespace Domains II LLC,04/09/2017 17:41,04/09/2025 17:41
f80084c6-c5b8-45f7-b042-f0e55c7ee8c3,athletic.engineer,available,78,13,8,,,
3ed46747-42bd-40f7-8a3c-6871132688f4,athletic.engineering,available,78,13,8,,,
58b3b606-bed3-40e5-a00e-cc0b91e9c8ec,athletic.equipment,available,78,13,8,,,
3b661b4c-433e-4854-91bd-62913c018694,athletic.esq,premium,78,13,8,,,
4c700cda-cf25-4de4-9633-05411f4a6279,athletic.exchange,available,78,13,8,,,
85c57555-31d9-4141-b01b-1b9b34998c28,athletic.expert,available,78,13,8,,,
9d0ca1e1-bd21-402d-9580-ebe677cb9897,athletic.exposed,available,78,13,8,,,
ecee9452-cc31-46a0-9075-661444173d26,athletic.express,available,78,13,8,,,
21487ee2-5ad1-4d65-b474-840d8c5e22bb,athletic.fail,available,78,13,8,,,
1ed74a7c-26ee-41bd-9bed-ed6076eaeaa9,athletic.faith,premium,78,13,8,,,
9cb228c8-d282-4bd4-896a-39d35d418a84,athletic.family,premium,78,13,8,,,
1815f658-812a-4242-ab09-57b7d896a7f7,athletic.fan,sold,78,13,8,"Wild West Domains, LLC",23/09/2019 23:08,23/09/2026 23:08
95d6fea7-cfbf-4b85-b5b3-86cf10178a2c,athletic.fans,premium,78,13,8,,,
5c03c5e5-be7e-4113-b217-129838be6413,athletic.farm,available,78,13,8,,,
b2fee477-4ccf-4b58-938c-84bb6fa4d38f,athletic.fashion,premium,78,13,8,,,
e78868af-995a-43aa-8b62-233594856377,athletic.fast,premium,78,13,8,,,
4ef67b65-73f1-4e7c-976a-346f9fb80028,athletic.feedback,available,78,13,8,,,
27100e8e-cdce-4415-b08f-d53d43e17c6b,athletic.film,available,78,13,8,,,
9c34ba93-010b-4a79-b90f-6e0ba7ce4ac9,athletic.finance,available,78,13,8,,,
677c601a-bfaa-4863-a8dd-37f4d7a508f5,athletic.financial,available,78,13,8,,,
b7dfd3ac-f3d1-4bc3-bde6-fa49734080a3,athletic.fish,available,78,13,8,,,
62cf32ec-bcff-49dd-86d7-86579e863faf,athletic.fishing,premium,78,13,8,,,
f9eee32a-c476-4c68-8311-70ad1bfbee31,athletic.fit,sold,78,13,8,Realtime Register B.V.,17/08/2020 09:23,17/08/2026 09:23
772bcef0-1ec3-4d87-9822-7667ac7b3591,athletic.fitness,expiring,78,13,8,Dynadot Inc,20/12/2017 12:50,20/12/2025 12:50
66b53654-00b2-49d5-a019-c618721d5f33,athletic.flights,available,78,13,8,,,
6e98c318-79c8-4f6b-ad5b-4dc26e2268c7,athletic.florist,available,78,13,8,,,
069637bc-fd65-4cc6-bd6b-7d9f5a023103,athletic.flowers,available,78,13,8,,,
843f60c8-902f-496a-ac77-28ccb5ca7ad0,athletic.fm,available,78,13,8,,,
2c6df47d-5ef0-4243-9be5-bbb14c03545e,athletic.foo,premium,78,13,8,,,
c03f7728-b4a0-4c41-b2ee-69e283c69193,athletic.food,available,78,13,8,,,
b17b0211-7eea-430d-a7ae-8e3e87c1b5f3,athletic.football,premium,78,13,8,,,
d651079a-db38-40c5-a57e-a7162fae06b7,athletic.forsale,premium,78,13,8,,,
0f7d7375-e31e-406a-8810-f9515d12acda,athletic.forum,available,78,13,8,,,
8c35ca07-55a4-490b-bc2a-b0107df18512,athletic.foundation,premium,78,13,8,,,
5f81e5f6-6857-48a7-8eef-fcf234010328,athletic.free,premium,78,13,8,,,
04a607c7-824f-493e-a78f-2ba3b5792b96,athletic.fun,premium,78,13,8,,,
46d600af-09ed-46eb-b603-bd8fe0692a62,athletic.fund,premium,78,13,8,,,
ff77baaf-51aa-4103-a61a-6a4121b83181,athletic.furniture,available,78,13,8,,,
947d89bf-9aed-4bb1-80f4-7dd69bf3254e,athletic.futbol,available,78,13,8,,,
4699729f-fa13-4b36-a07e-4e58fb8c2765,athletic.fyi,premium,78,13,8,,,
a93f07ec-fbe0-445a-82c0-0954190e1e9c,athletic.gallery,available,78,13,8,,,
bfc022b0-ce3c-4e80-a379-69f5a55c3c33,athletic.game,available,78,13,8,,,
cd0f1e9a-44a2-479b-8afe-7c03a94bc59a,athletic.games,premium,78,13,8,,,
4d9daa9b-2c2b-4117-834b-590fa44f555d,athletic.garden,available,78,13,8,,,
1e1a12c9-e896-4bda-a8a1-ba7d0e693272,athletic.gay,available,78,13,8,,,
750f62a4-f574-4130-84e4-aeee58e62164,athletic.gg,resell,78,13,8,Enrapture Limited (https://enrapture.gg),,
b4b16d1c-6814-4df4-a2e4-c8d96f4d15ef,athletic.gift,available,78,13,8,,,
6129df89-dcd7-433a-9a85-7656483b94d7,athletic.gifts,available,78,13,8,,,
1c5b5795-ea3a-413d-a6ed-72c79d9a8a3c,athletic.gives,available,78,13,8,,,
af612f96-1eaf-494d-9682-0f07261877d6,athletic.giving,available,78,13,8,,,
d7df0592-749a-40db-86bf-5e71814e4252,athletic.glass,available,78,13,8,,,
da227710-1d10-4dcf-889c-714de91d7e30,athletic.global,available,78,13,8,,,
f4364441-b0d6-4549-b0f5-d7d6fce46c79,athletic.gmbh,available,78,13,8,,,
9a49fba1-d00c-4cd3-bf27-73c67eb25874,athletic.gold,available,78,13,8,,,
6c6afd54-f7f0-4b30-8c08-28e2cf993648,athletic.graphics,available,78,13,8,,,
2d852d96-36e7-493c-bdd5-afbfb4d5e5bf,athletic.gratis,available,78,13,8,,,
fd81468f-5aed-4878-952f-a2088660ee82,athletic.green,premium,78,13,8,,,
0fd1c506-25e4-44a2-9261-8907470e3ae6,athletic.gripe,available,78,13,8,,,
c0c8b08a-faf0-4eb2-a255-595eb203d3e0,athletic.group,resell,78,13,8,"Chengdu West Dimension Digital Technology Co., Ltd.",19/12/2023 15:15,19/12/2028 15:15
a8eb1ea2-cb9a-4497-b477-bdcc81f78860,athletic.guide,available,78,13,8,,,
049ebd89-3a19-41fe-bd2e-5d19ae76f39a,athletic.guitars,available,78,13,8,,,
b5d0f230-e29f-45ee-b33d-11268d0b9c00,athletic.guru,available,78,13,8,,,
6c91afd9-1fd2-4544-bcc8-e25caef11df5,athletic.hair,available,78,13,8,,,
31fcfd29-3a13-4aa1-8c15-2d7f5e2c26bc,athletic.help,available,78,13,8,,,
11797dfc-b7e5-425f-81db-60abafb68b2a,athletic.hiphop,available,78,13,8,,,
ffe141fd-942e-4a2e-a6dc-6a1f6ab46ce4,athletic.hiv,available,78,13,8,,,
64c1801e-6dea-4334-9ca6-702647d88067,athletic.hockey,available,78,13,8,,,
09921300-934d-48e6-889f-b12f8a8a8a48,athletic.holdings,available,78,13,8,,,
21f74ee4-3aa8-463c-b238-939af5fc5b74,athletic.holiday,available,78,13,8,,,
6505d3c8-4724-4b2c-ad8a-fc6e929cd903,athletic.horse,available,78,13,8,,,
fb4f8df4-441b-4105-88eb-e6024a4b5621,athletic.hospital,available,78,13,8,,,
2a519f96-346a-44fc-9e44-d4bb9e69f95b,athletic.host,available,78,13,8,,,
e5b9c571-74ba-4434-b3f7-b92f3c112451,athletic.hosting,available,78,13,8,,,
b83cf4cd-2ecf-4f55-85c6-57a7e1b798ab,athletic.hot,premium,78,13,8,,,
529f35fa-139b-4afb-a0ac-c94c6390ee77,athletic.how,available,78,13,8,,,
94ab4e7e-bc48-4b38-a84e-2c9097a0e9e5,athletic.icu,premium,78,13,8,,,
24c18563-361c-4c4b-93c3-5c65d4fbe96e,athletic.id,expiring,78,13,8,PANDI Registrar,31/12/2023 14:50,31/12/2025 23:59
1caac173-f061-4ac8-8c45-aaa40533256d,athletic.im,premium,78,13,8,,,
0be0bcf5-c597-4ff9-be8d-71f5c5892b0c,athletic.immo,available,78,13,8,,,
716137cd-65e7-40a6-a75a-a3ab80419be1,athletic.immobilien,available,78,13,8,,,
4922d542-d362-4fb9-ae98-df097d871a85,athletic.in,resell,78,13,8,"Dynadot, LLC",22/04/2009 20:01,22/04/2028 20:01
f1c01220-f221-4d4a-9bdc-787c51c46b31,athletic.inc,premium,78,13,8,,,
510fb49c-85a1-43be-af77-126a0623bfd3,athletic.industries,available,78,13,8,,,
ad8f3e10-2b13-450d-9363-99f65cf337e4,athletic.info,resell,78,13,8,"GoDaddy.com, LLC",04/12/2011 10:11,04/12/2026 10:11
d944e2ed-d49d-47e4-af3f-be9350cdaf6e,athletic.ing,premium,78,13,8,,,
aac9966f-31d6-4f5b-b362-30df8d5553e8,athletic.institute,available,78,13,8,,,
588ee6d7-bca2-4543-a800-8c8d1df101e2,athletic.insure,available,78,13,8,,,
ae9dc4d2-b225-4446-91f8-faf6bbd3af2f,athletic.international,available,78,13,8,,,
2265ad12-db63-4966-9b79-4032ed653999,athletic.investments,available,78,13,8,,,
a9beb6a5-fdbb-498a-89de-8862d44e29c4,athletic.io,resell,78,13,8,Dynadot Inc,10/06/2013 22:51,10/06/2026 22:51
b3090586-946a-4dac-9d2f-7e2808ae24fe,athletic.irish,available,78,13,8,,,
11ace076-b91d-4ed3-a35b-378c556581b3,athletic.it,expiring,78,13,8,,17/02/1999 00:00,20/12/2025 00:00
8f27d9ec-8854-4891-8905-193e72081144,athletic.jetzt,available,78,13,8,,,
b9a20b67-293d-4041-b9fa-9675129f06a3,athletic.jewelry,available,78,13,8,,,
46094273-c161-4e70-b4f7-1ccdf469aa94,athletic.juegos,available,78,13,8,,,
43419cc1-b3c5-420f-8086-6245419a5024,athletic.kaufen,available,78,13,8,,,
0ae4ac1b-2d5c-480b-83ea-2adc78c7bf41,athletic.kids,premium,78,13,8,,,
39cfacb3-71ee-4e43-9a6c-288d8c70ff01,athletic.kim,available,78,13,8,,,
0c7f17a6-0215-46e6-adc7-a61d9909a5b9,athletic.kitchen,available,78,13,8,,,
e48a2168-cf6d-4b7d-b99e-5de8c7299e9d,athletic.land,sold,78,13,8,"GoDaddy.com, LLC",04/10/2023 02:26,04/10/2026 02:26
f229a9d0-d25c-4178-8c50-58883a53bfbd,athletic.lat,available,78,13,8,,,
b962132b-6ea6-48ce-b120-fc49c447e73b,athletic.law,available,78,13,8,,,
1f613254-5d18-49a2-a6b3-badcf118d82b,athletic.lawyer,available,78,13,8,,,
fc389feb-817a-4236-97ff-66348790a657,athletic.lease,available,78,13,8,,,
bca3209f-d559-46b0-a799-2f71be2f65a4,athletic.legal,available,78,13,8,,,
9773f286-8e84-4842-8d29-0ef1d7dbb077,athletic.lgbt,available,78,13,8,,,
c43cf126-3899-4349-9093-1d6a92397c85,athletic.life,resell,78,13,8,"Chengdu West Dimension Digital Technology Co., Ltd.",05/02/2016 19:36,05/02/2026 19:36
a8cfe2e9-3832-4821-9ef9-aa917de187c0,athletic.lifestyle,available,78,13,8,,,
07374bed-048b-4a56-b6d3-111cc39d27ea,athletic.lighting,available,78,13,8,,,
6b1b8851-78dd-4ac3-9b28-aba2d2ec84dc,athletic.limited,available,78,13,8,,,
bcf73272-c507-4297-91b3-cf2e5bfa4ddb,athletic.limo,available,78,13,8,,,
065dddd7-69ed-4fe9-9c2d-aed8129f8b12,athletic.link,premium,78,13,8,,,
ed4250e2-e53d-47b1-81c1-abca8af32c44,athletic.living,sold,78,13,8,GoDaddy,28/09/2025 19:31,28/09/2026 19:31
6902199b-3300-4cbd-a135-ddf4f6808431,athletic.llc,premium,78,13,8,,,
3941541e-1a87-4368-865e-14b34eb62676,athletic.loan,available,78,13,8,,,
2981ce59-3912-4e74-9f95-a6c259b3e191,athletic.loans,available,78,13,8,,,
e162e469-5a12-4b03-8b57-7ee5cfe23856,athletic.locker,premium,78,13,8,,,
40649624-38a2-4e0e-8109-de328dfffede,athletic.london,available,78,13,8,,,
639238f5-9631-4b7a-9bfe-d30371d50a2c,athletic.love,available,78,13,8,,,
3db34c48-9566-4fec-a432-f68ddb51255d,athletic.ltd,available,78,13,8,,,
e347ff17-9dc9-4c52-95bd-79e42612dcb7,athletic.ltda,available,78,13,8,,,
0888d269-722f-4124-b7cd-39b19b6e2c3d,athletic.luxe,available,78,13,8,,,
a36c3e00-8f8a-4204-8270-d1f03157fb2d,athletic.luxury,available,78,13,8,,,
88eb6ed8-d4c4-40ce-b7b4-c10632f821fb,athletic.maison,available,78,13,8,,,
15e4fed8-c552-490a-95cb-379021b28c87,athletic.makeup,available,78,13,8,,,
731a6102-3e04-47aa-8271-08d7e58966e9,athletic.management,available,78,13,8,,,
344bc524-ac9b-4222-ac64-9ddfe95a32c8,athletic.marketing,resell,78,13,8,"Global Domains International, Inc. DBA DomainCostClub.com",08/11/2018 13:46,08/11/2026 13:46
7ea3a50d-4ed9-45f2-a4c0-4c3c1c8dba8d,athletic.mba,available,78,13,8,,,
d00d530e-96be-44a3-b3f9-706c364a6647,athletic.me,resell,78,13,8,"GoDaddy.com, LLC",17/07/2008 18:09,17/07/2026 18:09
44ab8175-79fe-47cb-b1e7-bbd523fb8291,athletic.melbourne,available,78,13,8,,,
034fff6c-1c34-41a1-89f0-d3d7ecdb5872,athletic.meme,premium,78,13,8,,,
ba6a66ce-93ba-4c8d-88ba-5205ab954d33,athletic.memorial,available,78,13,8,,,
4d0105a3-af05-4478-84c6-1f73ce763cae,athletic.men,premium,78,13,8,,,
5a29be9d-576f-4a38-a303-1574ab02aa54,athletic.menu,available,78,13,8,,,
daa5416a-53bb-4aee-b279-fe8a0f7c23ea,athletic.miami,available,78,13,8,,,
3a01769c-3fb7-408b-b365-f91b7132bcd3,athletic.mobi,available,78,13,8,,,
56b6fcff-245f-443a-ba07-e4cc5ceeb143,athletic.moda,available,78,13,8,,,
c4065d2d-a54b-4662-9a63-21d23243fda7,athletic.moe,available,78,13,8,,,
e8ce7dc0-6bd8-4e1f-8778-4a50e2b57fc6,athletic.mom,available,78,13,8,,,
0f93bf80-6edc-4529-96ad-90f65abbb460,athletic.money,available,78,13,8,,,
32796fb7-d6c7-4c10-b9a0-29ac06dbe9e4,athletic.monster,available,78,13,8,,,
00762a0e-da0c-4df4-a652-9c7bee5b228b,athletic.mortgage,available,78,13,8,,,
07098d50-72a6-4dc5-bca7-0ed68e63a96f,athletic.motorcycles,available,78,13,8,,,
770e2057-aebb-41a8-a5d7-803ccdd38abb,athletic.mov,premium,78,13,8,,,
d0815140-1423-4285-af13-1d5a3cf91b46,athletic.movie,available,78,13,8,,,
b4ddf444-2691-4d1a-80b9-ab1dfff24bd0,athletic.music,premium,78,13,8,,,
8a887698-c8bd-4d9a-afb4-00afba9c0cc8,athletic.my,premium,78,13,8,,,
bd3f5e0b-bae4-48bb-a5d4-3dd3899c9f3a,athletic.name,available,78,13,8,,,
85b3b7c5-a299-4f6d-8205-d48cc3cbdded,athletic.navy,available,78,13,8,,,
2a507378-66e6-47ba-8b58-3bbfcf7e8ff3,athletic.network,resell,78,13,8,Dynadot Inc,05/05/2023 13:00,05/05/2026 13:00
163365b7-a1bd-4ca3-abe8-f4aa3a5e94e3,athletic.news,premium,78,13,8,,,
ec8edb59-f6de-4baa-815f-4cdce03ed25c,athletic.nexus,premium,78,13,8,,,
3bc0551b-5af5-4d94-9edf-69c730ded7a3,athletic.ngo,available,78,13,8,,,
62bdc740-e791-43ef-b56e-3234a340531d,athletic.ninja,available,78,13,8,,,
9cfc225d-f19d-4e69-a64c-aaf11fe5bd8b,athletic.now,premium,78,13,8,,,
2441a5d5-43c2-4125-b1ca-009ee52e3dca,athletic.nyc,available,78,13,8,,,
901ef05e-37a7-4019-8407-4b0e0fe5eb29,athletic.observer,available,78,13,8,,,
5f22df1f-d334-4441-a2d7-699f3b755a85,athletic.one,premium,78,13,8,,,
127a5324-9e72-428a-a795-86693b230ff2,athletic.ong,available,78,13,8,,,
1c3cdf86-07f6-44e6-aa34-496c47dee1be,athletic.onl,available,78,13,8,,,
ac899e04-f5e5-4cc4-aa73-33ce32f433d7,athletic.online,premium,78,13,8,,,
a5232931-e0fa-461e-bd81-e146afd32dca,athletic.ooo,available,78,13,8,,,
34a8ee83-2b73-46c9-b1ea-9cafc2a1c6e5,athletic.organic,available,78,13,8,,,
6c6813af-debf-4793-a82c-4d08efaf2db1,athletic.osaka,available,78,13,8,,,
f89c2900-1c2f-4ed5-b19e-38ffbcfb042c,athletic.page,premium,78,13,8,,,
590bccba-5bf1-4d64-b197-2fb999579d4a,athletic.partners,premium,78,13,8,,,
7b5a1f5f-1761-45d4-9356-3566348b889c,athletic.parts,expiring,78,13,8,"GoDaddy.com, LLC",05/01/2025 05:07,05/01/2026 05:07
ee0e7155-868d-415f-ab5d-be8960677a75,athletic.party,available,78,13,8,,,
438e8600-9bed-4e76-b58e-ca3e9c8b6121,athletic.pet,available,78,13,8,,,
ff654680-7119-4c33-affa-5ba83bb32dd7,athletic.phd,premium,78,13,8,,,
7ba9cb77-969d-49f1-b1a3-f57bd5808471,athletic.photo,available,78,13,8,,,
6de5dca0-1dc9-4605-b02f-4a8526bb5d0a,athletic.pictures,available,78,13,8,,,
594a64fa-15d8-44c7-ad4b-0ab8c1fa0d5b,athletic.pink,available,78,13,8,,,
1c799600-6c89-4a94-8b36-2dcc7a8764b9,athletic.pizza,available,78,13,8,,,
e87754b0-66d0-47ea-9323-5476de06277e,athletic.place,available,78,13,8,,,
7856822b-03c4-45ed-bccb-729e4d568b55,athletic.plumbing,available,78,13,8,,,
40656c8d-f03d-4307-867e-c5b851db284a,athletic.poker,premium,78,13,8,,,
bea15c1c-1a89-40b1-a18c-b0d58e39255c,athletic.porn,available,78,13,8,,,
dfb8ee5d-896d-435b-b797-fd022b4764a7,athletic.press,premium,78,13,8,,,
1cfd09db-36b2-44e9-87ab-cab549115263,athletic.productions,available,78,13,8,,,
dbfbb660-b3ef-4bfc-9a9d-271a81cd40c3,athletic.prof,premium,78,13,8,,,
504d854a-6191-4fe0-9067-901874eed26f,athletic.promo,available,78,13,8,,,
2276d5cf-539d-412a-836b-74e34c4b3074,athletic.property,premium,78,13,8,,,
914b97b9-9c35-45ea-9793-156bfbfbc259,athletic.protection,available,78,13,8,,,
f2efa45f-5875-4809-a187-70c056d96757,athletic.pub,available,78,13,8,,,
6a7e27bb-ced8-4405-8026-49656ff93caa,athletic.pw,premium,78,13,8,,,
464ca916-d2e0-482c-99e1-0b52f63e8b5c,athletic.qpon,available,78,13,8,,,
61ae6c41-89a4-43ec-8022-33683ebeda4a,athletic.racing,available,78,13,8,,,
94662ad6-8106-4ca1-ac65-21ea38d39e98,athletic.realty,available,78,13,8,,,
f6944409-1573-4f30-b521-9b43d9957596,athletic.recipes,available,78,13,8,,,
fce60f92-6411-4aa6-8398-7a59176be774,athletic.red,available,78,13,8,,,
8bea907a-aab7-4c8b-a79f-39c15e115797,athletic.rehab,premium,78,13,8,,,
1968ef65-88ef-4ed1-882b-9031301cde56,athletic.reise,available,78,13,8,,,
07350ec9-7f87-48fe-9f9f-99b7b6bf7040,athletic.reisen,available,78,13,8,,,
a8af314c-b03b-4fc7-8bfd-ae9de482ac5b,athletic.rent,available,78,13,8,,,
32340490-9806-492f-8490-657e4a26d661,athletic.rentals,available,78,13,8,,,
714593ca-3129-421a-b46c-9b8531e6fec1,athletic.repair,available,78,13,8,,,
f50a608c-7cf7-45b9-8094-77b3864c920a,athletic.report,available,78,13,8,,,
0cb0e49a-b190-4328-ac06-1be4b28eb520,athletic.republican,available,78,13,8,,,
5aa454d1-2165-41be-8b9c-35019a969bdf,athletic.rest,premium,78,13,8,,,
df7c4798-836a-41d8-9c9a-0b89e042886e,athletic.restaurant,available,78,13,8,,,
e2d14e7b-8a56-4a16-80ad-472da7ff808d,athletic.review,premium,78,13,8,,,
63505378-a7b4-4b40-a2e0-b7b5d7ac9a74,athletic.reviews,premium,78,13,8,,,
a1cae64f-ea4b-4176-892c-b8c1c19a73e8,athletic.rich,available,78,13,8,,,
bc375a72-6612-438f-930b-13174923f857,athletic.rip,available,78,13,8,,,
d0bf09f1-1fe3-4eda-ac64-372c3ee127d9,athletic.rocks,available,78,13,8,,,
73219f7a-e161-4595-ba9b-4c03a5302ff2,athletic.rodeo,available,78,13,8,,,
d647b3bf-5338-43e2-9aa2-07f0e48366a0,athletic.rsvp,premium,78,13,8,,,
db144b1b-bb9f-4681-a97b-ebb2f0a2102e,athletic.run,resell,78,13,8,"Sav.com, LLC - 19",31/10/2025 15:15,31/10/2026 15:15
719816fd-92a0-4242-8d5c-8fac4f368303,athletic.sale,premium,78,13,8,,,
b67d7f8b-8369-4d86-b2cf-a067fa18b842,athletic.salon,available,78,13,8,,,
1c85b1f8-f3ec-454e-81d0-8566d1135253,athletic.sarl,available,78,13,8,,,
d233ec26-59cb-4cb8-94fb-05d1d0017f1d,athletic.sbs,premium,78,13,8,,,
9f53c117-a8ae-41e6-8e10-18583ccf3784,athletic.school,premium,78,13,8,,,
f397d813-332a-49eb-99e6-fde3ca6004b4,athletic.schule,available,78,13,8,,,
98b51a11-8d29-4bc1-ae4f-31d73a5f24c9,athletic.science,premium,78,13,8,,,
ea2fe32c-92d8-41d0-818c-d111b772dbb7,athletic.security,available,78,13,8,,,
eb600f3c-74aa-4318-a579-105e9cd23430,athletic.services,available,78,13,8,,,
052656a7-b58a-42ca-81e3-32b22c0af472,athletic.sexy,available,78,13,8,,,
9a89ceed-f7f2-4c73-bcf7-654a6b27ddeb,athletic.sh,available,78,13,8,,,
8263f08e-aab2-4de4-8414-cd3b772b3f53,athletic.shiksha,available,78,13,8,,,
ab40e84f-ca62-4f39-a5e4-deb6fc2c18ec,athletic.shoes,sold,78,13,8,Dynadot Inc,05/10/2019 10:10,05/10/2026 10:10
725e873a-5a22-4bb2-ad34-a4b8dbceb727,athletic.shopping,available,78,13,8,,,
67e4fe45-e92c-4cba-a08f-153a262b9e0a,athletic.show,available,78,13,8,,,
5a6d2a53-2318-4adf-ae7d-1a47f85e7651,athletic.site,premium,78,13,8,,,
adc3172b-8607-4051-8743-4475c186d1b8,athletic.ski,available,78,13,8,,,
f453671d-f2af-4563-91ed-8872abd54ad3,athletic.skin,available,78,13,8,,,
3ad8f9dd-ea8d-42c7-b59c-d3b0488e4de8,athletic.so,resell,78,13,8,Dynadot LLC,19/09/2023 18:26,19/09/2025 18:26
2415f59f-9ae1-41f5-b301-a509f2d9c062,athletic.soccer,available,78,13,8,,,
61f0f913-1e2b-4082-a7b3-db43456ff9be,athletic.social,premium,78,13,8,,,
c70d5515-edf7-44f2-8e3c-c92a4c79aec9,athletic.software,available,78,13,8,,,
bfa4c4e4-a384-4857-bff3-b0411dd7ecc9,athletic.solar,available,78,13,8,,,
c5418fcc-750b-4da5-bd9b-072f0b3554bd,athletic.soy,available,78,13,8,,,
580a7a6a-89f5-4a63-8ec6-3278829bef18,athletic.spot,premium,78,13,8,,,
7b601fba-8a11-4d22-86e8-eabb72cdaf00,athletic.srl,available,78,13,8,,,
7ddea1a1-5517-44ff-ab01-a96f3db27761,athletic.storage,available,78,13,8,,,
8fcb5152-979f-41e7-8193-8ff3fff33c80,athletic.store,premium,78,13,8,,,
dfbffb60-d682-4061-a154-5ca60f45673a,athletic.stream,premium,78,13,8,,,
656335ac-25e7-4731-9134-50c66a9c7dee,athletic.study,premium,78,13,8,,,
3fdfa3d0-84b5-47d7-a81a-ce89d7974e97,athletic.style,premium,78,13,8,,,
d603bc64-627c-4d2c-9162-ed9cc989545c,athletic.sucks,available,78,13,8,,,
a7586d3a-f77a-4db1-a518-04d710f14ec2,athletic.supplies,premium,78,13,8,,,
3de8f09d-f564-4946-8b71-ec205f2d8cf2,athletic.surf,available,78,13,8,,,
f3b9d572-02ae-42ee-814c-bdd222218be7,athletic.surgery,available,78,13,8,,,
66c0a90c-08fd-482e-b774-1427d4a59045,athletic.sydney,available,78,13,8,,,